icpsr_study_number,icpsr_doi,title,openalex_work_id
2,10.3886/icpsr00002,"Candidate Name and Constituency Totals, 1788-1990",https://openalex.org/W4240876496
4,10.3886/icpsr00004,"United States Congressional Roll Call Voting Records, 1789-1998",https://openalex.org/W4244125021
15,10.1017/ssh.2022.33,Carrots over Sticks? Mothers’ Pensions and Child Labor in the Early 20th Century U.S.,https://openalex.org/W4360615990
16,10.3886/icpsr00016,"Partisan Division of American State Governments, 1834-1985",https://openalex.org/W4235612901
39,10.1017/s0008423923000185,"Canada's Federal Electoral Districts, 1867–2021: New Digital Boundary Files and a Comparative Investigation of District Compactness",https://openalex.org/W4377240841
43,10.7910/dvn/9tbbsi,Crosswalk linking administrative units from Imperial and Weimar Germany,https://openalex.org/W4398522291
168,10.3886/icpsr00168.v1,ICPSR Data Archiving Report: Data Releases,https://openalex.org/W4247200572
171,10.1007/s10508-022-02397-2,Gender Inequities in Household Labor Predict Lower Sexual Desire in Women Partnered with Men,https://openalex.org/W4296038689
79,10.7910/dvn/uuqdzc,"Candidate and Constituency Statistics of Elections in the United States, 1788-1990",https://openalex.org/W4398866349
1239,10.1057/9781137381446_9,Multitasking and the Returns to Experience,https://openalex.org/W1547236624
1274,10.1007/s00484-023-02613-1,"Associations between violent crime inside and outside, air temperature, urban heat island magnitude and urban green space",https://openalex.org/W4390664425
2018,10.1017/s0003055423000370,Willing but Unable: Reassessing the Relationship between Racial Group Consciousness and Black Political Participation,https://openalex.org/W4387878483
2038,10.1038/s41597-022-01620-y,The Criminal Justice Administrative Records System: A next-generation research data platform,https://openalex.org/W4295350465
2058,10.1007/s10734-010-9349-z,"Who are the early adopters of new academic fields? Comparing four perspectives on the institutionalization of degree granting programs in US four-year colleges and Universities, 1970–2005",https://openalex.org/W2171375063
2258,10.1186/s12889-021-10769-x,Factors associated with crack-cocaine early initiation: a Brazilian multicenter study,https://openalex.org/W3153888884
2531,10.7759/cureus.1118,"Knowledge and Attitude About Sexually Transmitted Infections Amongst Truck Drivers in Southern Punjab, Pakistan",https://openalex.org/W2597434720
2625,10.1017/s1474746421000877,More than Money? Job Quality and Food Insecurity among Employed Lone Mother Households in the United States,https://openalex.org/W3209085769
2679,10.1007/s11292-023-09567-9,Gender differences in intervention effects on delinquency for justice-involved youth: A preliminary meta-analysis,https://openalex.org/W4367368189
2760,10.1186/s12889-021-12058-z,The interaction of adverse childhood experiences and gender as risk factors for depression and anxiety disorders in US adults: a cross-sectional study,https://openalex.org/W3212888614
2896,10.1017/s1537592719001087,"Partisan Polarization on Black Suffrage, 1785–1868",https://openalex.org/W2952952696
2961,10.20982/tqmp.15.2.p148,The Area of Resilience to Stress Event ({ARSE}): A New Method for Quantifying the Process of Resilience,https://openalex.org/W2972825166
2976,10.35502/jcswb.84,Development of the Behavioural-Biomedical Law Enforcement Stress Discordance Model (B2LESD): An epidemiological criminology framework (LEPH2018),https://openalex.org/W2904113885
3184,10.3389/fpsyg.2022.844324,"Environmental Attitudes, Behaviors, and Responsibility Perceptions Among Norwegian Youth: Associations With Positive Youth Development Indicators",https://openalex.org/W4214498731
3244,10.1007/s11199-017-0874-4,"The Cultural Divide and Changing Beliefs about Gender in the United States, 1974–2010",https://openalex.org/W2773612919
3371,10.1017/s0898588x2200013x,Congressional Pay and Responsiveness in the Antebellum U.S. House of Representatives,https://openalex.org/W4293103619
3475,10.1038/s41598-019-51499-w,Responses to depressive symptom items exhibit a common mathematical pattern across the European populations,https://openalex.org/W2980756064
3503,10.5502/ijw.v5i2.4,A statistical meta-analysis of the wellbeing literature,https://openalex.org/W2136598818
3504,10.1017/s0003055421001337,Enfranchisement and Incarceration after the 1965 Voting Rights Act,https://openalex.org/W4206353349
3546,10.25100/cm.v44i4.1362,"Prevalence of Poor Self-Rated Health and Associated Risk Factors among Older Adults in Cali, Colombia",https://openalex.org/W1903666743
3724,10.33774/apsa-2024-817qg,Russian Nationalism under Putin's Church-State: Justifying Acts of Aggression Against Ukraine,https://openalex.org/W4391102606
3732,10.1186/s12889-015-1391-4,"Don't worry, be happy: cross-sectional associations between physical activity and happiness in 15 European countries",https://openalex.org/W2017332647
3764,10.1007/s11606-013-2578-y,Cultural Identity and Patient Trust Among Older American Indians,https://openalex.org/W2070974809
3792,10.1371/journal.pone.0160876,Relative Handgrip Strength Is a Simple Indicator of Cardiometabolic Risk among Middle-Aged and Older People: A Nationwide Population-Based Study in Taiwan,https://openalex.org/W2518551454
3804,10.1017/s0954579423001372,Reciprocal associations between parental depression and child cognition: Pathways to children’s internalizing and externalizing symptoms,https://openalex.org/W4388420818
4027,10.2147/amep.s246658,&lt;p&gt;The Evolution of Social Beliefs 1960–2016 in the United States and Its Influence on Empathy and Prosocial Expression in Medicine&lt;/p&gt;,https://openalex.org/W3037143319
4248,10.3886/e128941v2,Accounting for non-normal covariates in treatment effects from count regressions,https://openalex.org/W3130152770
4254,10.3389/feart.2018.00153,"Evaluating Landscape Degradation Along Climatic Gradients During the 1930s Dust Bowl Drought From Panchromatic Historical Aerial Photographs, United States Great Plains",https://openalex.org/W2952815135
4275,10.1371/journal.pone.0284188,Family socioeconomic status and college attendance: A consideration of individual-level and school-level pathways,https://openalex.org/W4364351775
4340,10.31235/osf.io/rt2y4,Anti-social behaviour in the coronavirus pandemic,https://openalex.org/W4281877060
4343,10.1371/journal.pone.0232805,Impacts of the 1918 flu on survivors' nutritional status: A double quasi-natural experiment,https://openalex.org/W3094431466
4368,10.1186/s40695-020-00058-9,Association of lean body mass to menopausal symptoms: The Study of Women's Health Across the Nation,https://openalex.org/W3085347720
4431,10.1007/s11524-007-9248-5,Estimating the Prevalence of Injection Drug Users in the U.S. and in Large U.S. Metropolitan Areas from 1992 to 2002,https://openalex.org/W2150282632
4549,10.3758/s13428-020-01508-y,PCovR2: A flexible principal covariates regression approach to parsimoniously handle multiple criterion variables,https://openalex.org/W3098893258
4557,10.5590/jsbhs.2020.14.1.10,Network Interference Negatively Predicts Relationship Quality and Mental Health in Dating Couples,https://openalex.org/W3035077052
4572,10.5281/zenodo.22196,"Out Of The Beta Phase: Obstacles, Challenges, And Promising Paths In The Study Of Cyber Criminology",https://openalex.org/W2175323138
4584,10.1007/s10620-024-08407-8,Women in Gastroenterology: What Is the Current Situation? Results of an Italian National Survey,https://openalex.org/W4394912078
4652,10.1007/s42761-024-00238-0,Mean Affect Moderates the Association between Affect Variability and Mental Health,https://openalex.org/W4399652117
4701,10.1007/s10964-020-01322-x,Food Insecurity and Adolescent Psychosocial Adjustment: Indirect Pathways through Caregiver Adjustment and Caregiver–Adolescent Relationship Quality,https://openalex.org/W3088570059
6389,10.1007/978-3-031-30551-1_7,Forgotten Relations Between Justice and Education: A Non-affirmative Education Approach,https://openalex.org/W4384304409
6542,10.1186/s13063-018-2698-0,Protecting Adolescents in Low- And Middle-Income Countries from Interpersonal Violence (PRO YOUTH TRIAL): Study Protocol for a Cluster Randomized Controlled Trial of the Strengthening Families Programme 10-14 (“Familias Fuertes”) in Panama,https://openalex.org/W2803279606
6693,10.1370/afm.2536,Prevalence of Intimate Partner Violence and Beliefs About Partner Violence Screening Among Young Men,https://openalex.org/W3041079755
6862,10.1017/mah.2021.22,American Demographers and Global Population Policy in the Postwar World,https://openalex.org/W3213911509
6876,10.29173/iq956,Bringing method to the madness: An example of integrating social science qualitative research methods into NVivo data analysis software training,https://openalex.org/W2954943123
7010,10.21203/rs.3.rs-19507/v1,Therapeutic Preferences for Coronavirus 2(SARS-CoV-2) Patients,https://openalex.org/W3117935197
7218,10.1007/s12397-022-09472-9,According to their Numbers: Assessing the Pew Research Center’s Estimate of 7.5 Million Jewish Americans,https://openalex.org/W4310266389
7421,10.3386/w17211,American Incomes before and after the Revolution,
7711,10.1007/s11698-022-00259-4,Escaping from hunger before WW1: the nutritional transition and living standards in Western Europe and USA in the late nineteenth century,https://openalex.org/W4310079712
7744,10.1146/annurev-soc-110419-023001,Of Modernity and Public Sociology: Reflections on a Career So Far,https://openalex.org/W3006412931
7754,10.1017/ssh.2022.6,The Power of Religious Activism in Tocqueville’s America: The Second Great Awakening and the Rise of Temperance and Abolitionism in New York State,https://openalex.org/W4220891661
7767,10.1007/s42001-022-00191-7,A comparison of approaches for imbalanced classification problems in the context of retrieving relevant documents for an analysis,https://openalex.org/W4311886776
7941,10.1007/s40615-023-01830-z,"Association Between Changes in Racial Residential Segregation and Trends in Racial Disparities in Early Mortality in 220 Metropolitan Areas, 2001–2018",https://openalex.org/W4387764930
7947,10.7910/dvn/th4adj,"International Terrorism: Attributes of Terrorist Events (ITERATE), 1968-2015",https://openalex.org/W4398914923
8375,10.3758/s13428-017-1011-6,"Multivariate normal maximum likelihood with both ordinal and continuous variables, and data missing at random",https://openalex.org/W2788336778
8451,10.4000/tvseries.6304,"Les minorités raciales, la justice et la peine de mort dans les séries télévisées américaines de networks, 1950-1977",https://openalex.org/W4309601877
8475,10.1515/for-2016-0021,Populism in American Politics,https://openalex.org/W2548511990
8493,10.1007/s11113-021-09664-5,Differential Privacy and the Accuracy of County-Level Net Migration Estimates,https://openalex.org/W3182207648
8611,10.1017/s0003055411000360,Newspapers and Parties: How Advertising Revenues Created an Independent Press,https://openalex.org/W3123332989
9117,10.1017/s0022050724000299,Black Americans’ Landholdings and Economic Mobility after Emancipation: Evidence from the Census of Agriculture and Linked Records,https://openalex.org/W4403232094
9166,10.1017/ssh.2019.42,Immigration and Child Mortality: Lessons from the United States at the Turn of the Twentieth Century,https://openalex.org/W2907649060
9251,10.1017/aae.2021.32,Effect of Nuclear Power Plants on Local Crop Yields,
9263,10.1007/s11079-022-09684-4,"Financial Development, Political Instability, Trade Openness and Growth in Brazil: Evidence from a New Dataset, 1890-2003",https://openalex.org/W4295989943
1236,10.3886/icpsr01236.v1,Retail Sweep Programs and Bank Reserves,https://openalex.org/W4301958825
1258,10.3886/icpsr01258,"Seeing Through the Smoke and Mirrors: A Response to Palmer and Whitten, British Journal of Political Science, January 2003",https://openalex.org/W4252240258
13285,10.3886/icpsr13285.v1,"Census of Population and Housing, 2000 [United States]: Selected Subsets From Summary File 1, Advance National",https://openalex.org/W4233572608
13395,10.3886/icpsr13395,"Census of Population and Housing, 2000 [United States]: Selected Subsets From Summary File 1, States",https://openalex.org/W4232913891
13402,10.3886/icpsr13402,"Census of Population and Housing, 2000 [United States]: Selected Subsets From Summary File 3",https://openalex.org/W4248132123
13566,10.3886/icpsr13566.v2,"Census of Population and Housing, 2000 [United States]: Summary File 1 Supplement, States",https://openalex.org/W4239397829
13576,10.3886/icpsr13576,"Census of Population and Housing, 2000 [United States]: Block Group Subset From Summary File 3",https://openalex.org/W4229662787
13589,10.1007/s11606-021-06902-6,Association Between Unmet Essential Social Needs and Influenza Vaccination in US Adults,https://openalex.org/W3167088433
13602,10.3886/icpsr13744,"Project on Human Development in Chicago Neighborhoods (PHDCN): Substance Use Follow-Up, Wave 3, 2000-2002",https://openalex.org/W4231940455
13612,10.3886/icpsr13612,"Project on Human Development in Chicago Neighborhoods (PHDCN): Caregiver-Subject Conflict Scale, Wave 2, 1997-2000",https://openalex.org/W4235733822
13617,10.3886/icpsr13617,"Project on Human Development in Chicago Neighborhoods (PHDCN): My Exposure to Violence (Subject), Wave 2, 1997-2000",https://openalex.org/W4240587211
13619,10.3886/icpsr13619,"Project on Human Development in Chicago Neighborhoods (PHDCN): My Child's Exposure to Violence, Wave 2, 1997-2000",https://openalex.org/W4253579916
13622,10.3886/icpsr13622.v1,"Project on Human Development in Chicago Neighborhoods (PHDCN): Family Legal Update, Wave 2, 1997-2000",https://openalex.org/W4230962063
13628,10.3886/icpsr13628,"Project on Human Development in Chicago Neighborhoods (PHDCN): Household Composition, Wave 2, 1997-2000",https://openalex.org/W4237449925
13629,10.3886/icpsr13629.v1,"Project on Human Development in Chicago Neighborhoods (PHDCN): Health Screen, Wave 2, 1997-2000",https://openalex.org/W4206236067
13630,10.3886/icpsr13630.v1,"Project on Human Development in Chicago Neighborhoods (PHDCN): Home and Life Interview, Wave 2, 1997-2000",https://openalex.org/W4210909317
13644,10.3886/icpsr13644,"Project on Human Development in Chicago Neighborhoods (PHDCN): Prenatal and Early Health, Wave 2, 1997-2000",https://openalex.org/W4250787618
13653,10.3886/icpsr13653.v1,"Project on Human Development in Chicago Neighborhoods (PHDCN): School and Day Care Screen, Wave 2, 1997-2000",https://openalex.org/W4242975282
13667,10.3886/icpsr13667,"Project on Human Development in Chicago Neighborhoods (PHDCN): Youth Self Report, Wave 2, 1997-2000",https://openalex.org/W4250159973
13668,10.1007/s12552-022-09367-2,Discrimination in Context: Examining Neighborhood-Level Variation in the Incidence and Adverse Effects of Perceived Racial and Ethnic Discrimination Among Chicago Youth,https://openalex.org/W4280586226
13670,10.3886/icpsr13670,"Project on Human Development in Chicago Neighborhoods (PHDCN): Addendum (Primary Caregiver), Wave 3, 2000-2002",https://openalex.org/W4230854084
13671,10.3886/icpsr13671,"Project on Human Development in Chicago Neighborhoods (PHDCN): Addendum (Young Adult), Wave 3, 2000-2002",https://openalex.org/W4245861381
13678,10.3886/icpsr13678.v1,"Project on Human Development in Chicago Neighborhoods (PHDCN): Child and Adolescent Behavior Rating Scale, Wave 3, 2000-2002",https://openalex.org/W4240184685
13679,10.3886/icpsr13679.v1,"Project on Human Development in Chicago Neighborhoods (PHDCN): Child Behavior Checklist, Wave 3, 2000-2002",https://openalex.org/W4230322446
13680,10.3886/icpsr13680.v1,"Project on Human Development in Chicago Neighborhoods (PHDCN): Child Care Interview, Wave 3, 2000-2002",https://openalex.org/W4206219936
13684,10.3886/icpsr13684,"Project on Human Development in Chicago Neighborhoods (PHDCN): Community Involvement and Collective Efficacy (Primary Caregiver), Wave 3, 2000-2002",https://openalex.org/W4254847096
13686,10.3886/icpsr13686.v1,"Project on Human Development in Chicago Neighborhoods (PHDCN): Community Involvement and Collective Efficacy (Young Adult), Wave 3, 2000-2002",https://openalex.org/W4254463309
13688,10.3886/icpsr13688,"Project on Human Development in Chicago Neighborhoods (PHDCN): Conflict Tactics Scale for Partner and Spouse, Wave 3, 2000-2002",https://openalex.org/W4233885732
13689,10.3886/icpsr13689,"Project on Human Development in Chicago Neighborhoods (PHDCN): Conflict Tactics Scale for Parent and Child, Wave 3, 2000-2002",https://openalex.org/W4229669433
13691,10.3886/icpsr13691,"Project on Human Development in Chicago Neighborhoods (PHDCN): Depression, Wave 3, 2000-2002",https://openalex.org/W4244090622
13692,10.3886/icpsr13692.v1,"Project on Human Development in Chicago Neighborhoods (PHDCN): Discrimination, Wave 3, 2000-2002",https://openalex.org/W4232814674
13693,10.3886/icpsr13693.v1,"Project on Human Development in Chicago Neighborhoods (PHDCN): Deviance of Peers, Wave 3, 2000-2002",https://openalex.org/W4254571260
13696,10.3886/icpsr13696,"Project on Human Development in Chicago Neighborhoods (PHDCN): My Exposure to Violence (Primary Caregiver), Wave 3, 2000-2002",https://openalex.org/W4238610168
13697,10.3886/icpsr13697,"Project on Human Development in Chicago Neighborhoods (PHDCN): My Exposure to Violence (Subject and Young Adult), Wave 3, 2000-2002",https://openalex.org/W4213067431
13698,10.3886/icpsr13698.v1,"Project on Human Development in Chicago Neighborhoods (PHDCN): My Child's Exposure to Violence, Wave 3, 2000-2002",https://openalex.org/W4236775542
13702,10.3886/icpsr13702,"Project on Human Development in Chicago Neighborhoods (PHDCN): Flagged Instrument List, Wave 3, 2000-2002",https://openalex.org/W4234678632
13703,10.3886/icpsr13703.v1,"Project on Human Development in Chicago Neighborhoods (PHDCN): Family Legal Update, Wave 3, 2000-2002",https://openalex.org/W4250569081
13704,10.3886/icpsr13704,"Project on Human Development in Chicago Neighborhoods (PHDCN): Family Legal Update (Young Adult), Wave 3, 2000-2002",https://openalex.org/W4245578159
13706,10.3886/icpsr13706,"Project on Human Development in Chicago Neighborhoods (PHDCN): Generalized Anxiety Disorder (Primary Caregiver Report on Subject), Wave 3, 2000-2002",https://openalex.org/W4206745478
13708,10.3886/icpsr13708,"Project on Human Development in Chicago Neighborhoods (PHDCN): Generalized Anxiety Disorder (Subject and Young Adult), Wave 3, 2000-2002",https://openalex.org/W4243185576
13711,10.3886/icpsr13711,"Project on Human Development in Chicago Neighborhoods (PHDCN): Gun Ownership, Wave 3, 2000-2002",https://openalex.org/W4252512463
13714,10.3886/icpsr13714,"Project on Human Development in Chicago Neighborhoods (PHDCN): Household Composition, Wave 3, 2000-2002",https://openalex.org/W4233583300
13715,10.3886/icpsr13715.v1,"Project on Human Development in Chicago Neighborhoods (PHDCN): Health Screen, Wave 3, 2000-2002",https://openalex.org/W4252052524
13716,10.3886/icpsr13716.v1,"Project on Human Development in Chicago Neighborhoods (PHDCN): Home and Life Interview, Wave 3, 2000-2002",https://openalex.org/W4251508044
13717,10.3886/icpsr13717.v1,"Project on Human Development in Chicago Neighborhoods (PHDCN): Personal Identity, Wave 3, 2000-2002",https://openalex.org/W4236279579
13718,10.3886/icpsr13718,"Project on Human Development in Chicago Neighborhoods (PHDCN): Interviewer Impressions (Primary Caregiver), Wave 3, 2000-2002",https://openalex.org/W4210650659
13722,10.3886/icpsr13722,"Project on Human Development in Chicago Neighborhoods (PHDCN): Major Depressive Disorder (Primary Caregiver), Wave 3, 2000-2002",https://openalex.org/W4255723845
13723,10.3886/icpsr13723.v1,"Project on Human Development in Chicago Neighborhoods (PHDCN): Major Depressive Disorder (Subject and Young Adult), Wave 3, 2000-2002",https://openalex.org/W4250720040
13724,10.3886/icpsr13724,"Project on Human Development in Chicago Neighborhoods (PHDCN): Mental Health Services, Wave 3, 2000-2002",https://openalex.org/W4210352137
13726,10.3886/icpsr13726.v1,"Project on Human Development in Chicago Neighborhoods (PHDCN): Oppositional Defiance Disorder (Primary Caregiver), Wave 3, 2000-2002",https://openalex.org/W4255637809
13727,10.3886/icpsr13727,"Project on Human Development in Chicago Neighborhoods (PHDCN): Oppositional Defiance Disorder (Subject), Wave 3, 2000-2002",https://openalex.org/W4255613964
13728,10.3886/icpsr13728,"Project on Human Development in Chicago Neighborhoods (PHDCN): Perceptions of Drug Risk, Wave 3, 2000-2002",https://openalex.org/W4249987791
13729,10.3886/icpsr13729,"Project on Human Development in Chicago Neighborhoods (PHDCN): Primary Female Caregiver, Wave 3, 2000-2002",https://openalex.org/W4241228012
13730,10.3886/icpsr13730,"Project on Human Development in Chicago Neighborhoods (PHDCN): Physical Development Scale, Wave 3, 2000-2002",https://openalex.org/W4246853694
13731,10.3886/icpsr13731,"Project on Human Development in Chicago Neighborhoods (PHDCN): Primary Male Caregiver, Wave 3, 2000-2002",https://openalex.org/W4252168630
13733,10.3886/icpsr13733,"Project on Human Development in Chicago Neighborhoods (PHDCN): Provision of Social Relations (Primary Caregiver), Wave 3, 2000-2002",https://openalex.org/W4212857174
13734,10.3886/icpsr13734,"Project on Human Development in Chicago Neighborhoods (PHDCN): Provision of Social Relations (Subject and Young Adult), Wave 3, 2000-2002",https://openalex.org/W4213025383
13735,10.3886/icpsr13735,"Project on Human Development in Chicago Neighborhoods (PHDCN): Post-Traumatic Stress Disorder, Past Year (Primary Caregiver), Wave 3, 2000-2002",https://openalex.org/W4240793239
13736,10.3886/icpsr13736.v1,"Project on Human Development in Chicago Neighborhoods (PHDCN): Post-Traumatic Stress Disorder, Past Year (Subject), Wave 3, 2000-2002",https://openalex.org/W4247878319
13738,10.3886/icpsr13738.v1,"Project on Human Development in Chicago Neighborhoods (PHDCN): Routine Activities, Wave 3, 2000-2002",https://openalex.org/W4254514318
13739,10.3886/icpsr13739,"Project on Human Development in Chicago Neighborhoods (PHDCN): School Screen, Wave 3, 2000-2002",https://openalex.org/W4242576083
13740,10.3886/icpsr13740,"Project on Human Development in Chicago Neighborhoods (PHDCN): School Interview, Wave 3, 2000-2002",https://openalex.org/W4254689110
13742,10.3886/icpsr13742,"Project on Human Development in Chicago Neighborhoods (PHDCN): Self Report of Offending, Wave 3, 2000-2002",https://openalex.org/W4249199259
13744,10.3886/icpsr13744.v1,"Project on Human Development in Chicago Neighborhoods (PHDCN): Substance Use Follow-Up, Wave 3, 2000-2002",https://openalex.org/W4213213481
13745,10.3886/icpsr13745,"Project on Human Development in Chicago Neighborhoods (PHDCN): Suicide Interview, Wave 3, 2000-2002",https://openalex.org/W4240078635
13746,10.3886/icpsr13746,"Project on Human Development in Chicago Neighborhoods (PHDCN): Things I Can Do If I Try, Wave 3, 2000-2002",https://openalex.org/W4255102307
13751,10.3886/icpsr13751,"Project on Human Development in Chicago Neighborhoods (PHDCN): Young Adult Self Report, Wave 3, 2000-2002",https://openalex.org/W4235936596
13752,10.3886/icpsr13752.v1,"Project on Human Development in Chicago Neighborhoods (PHDCN): Youth Self Report, Wave 3, 2000-2002",https://openalex.org/W4206342248
13885,10.3886/icpsr13885.v1,"Census of Population and Housing, 2000 [United States]: Voting-Age Population and Voting-Age Citizens (PHC-T-31)",https://openalex.org/W4234489769
20020,10.3886/icpsr20020.v2,"Police-Public Contact Survey, 2005 [United States]",https://openalex.org/W4232768122
20240,10.1186/s12889-024-18233-2,"The role of subjective, interpersonal, and structural social isolation in 12-month and lifetime anxiety disorders",https://openalex.org/W4392642625
20303,10.3886/icpsr20303,"National Incident-Based Reporting System, 2005: Extract Files",https://openalex.org/W4298870951
20343,10.3886/icpsr20343,"Effect of Procedural Justice in Spouse Assault in Milwaukee, Wisconsin, 1987-1989",https://openalex.org/W4254795753
20360,10.3886/icpsr20360,"Sexual Assault Among Intimates in Houston, Texas, 2003",https://openalex.org/W4248649009
20380,10.1007/s00383-019-04452-x,Avoidance of general anesthesia for circumcision in infants under 6 months of age using a modified Plastibell technique,https://openalex.org/W2911360717
20400,10.3886/icpsr20400.v1,"Prevalence, Context, and Consequences of Dual Arrest in Intimate Partner Cases in 19 States in the United States, 2000",https://openalex.org/W4246046207
20440,10.3886/icpsr20440.v1,"Nations, Development, and Democracy, 1800-2005",https://openalex.org/W4252643431
20501,10.3886/icpsr20501.v1,"Polish General Social Survey, 1992-2002",https://openalex.org/W4210726572
20660,10.7759/cureus.377,The Relationship Between Access to Natural Environmental Amenities and Obesity,https://openalex.org/W2128177611
20681,10.3886/icpsr20681.v3,"National Health Interview Survey, 2006",https://openalex.org/W4300622124
20700,10.3886/icpsr20700,"Woman and Child Wage Earners: Adrift, 1907 [New York City and Philadelphia]",https://openalex.org/W4235025279
2090,10.3886/icpsr02090.v1,"Eurobarometer 47.2: Women and Cancer, the European Parliament, and Expectations of the European Union, April-June 1997",https://openalex.org/W4240171696
2091,10.3886/icpsr02091,"Eurobarometer 47.2OVR: Young Europeans, April-June 1997",https://openalex.org/W4247936973
20960,10.3886/icpsr20960,2002 State Legislative Survey,https://openalex.org/W4255649591
21020,10.3886/icpsr21020.v1,"Impact of Violent Victimization on Physical and Mental Health Among Women in the United States, 1994-1996",https://openalex.org/W4238804065
21280,10.3886/icpsr21280.v1,"National Electronic Injury Surveillance System All Injury Program, 2005",https://openalex.org/W4236378490
21282,10.3886/icpsr21282,"International Military Intervention, 1989-2005",https://openalex.org/W4249558259
21321,10.3886/icpsr21321,"Current Population Survey: Annual Social and Economic (ASEC) Supplement Survey, 2007",https://openalex.org/W4250606848
21600,10.29012/jpc.825,Tiered Access to Research Data for Secondary Analysis,https://openalex.org/W4389380350
21741,10.3886/icpsr21741,"Chinese Household Income Project, 2002",https://openalex.org/W4234701688
21820,10.3886/icpsr21820,"Census of Population and Housing, 2000 [United States]: Documentation for Census Bureau Restricted Data",https://openalex.org/W4243278706
2183,10.3886/icpsr02183,"National Health Interview Surveys, 1986-1994: Multiple Cause of Death, Dates of Death, 1986-1995",https://openalex.org/W4242889979
21940,10.3886/icpsr21940,"NICHD Study of Early Child Care and Youth Development: Phase I, 1991-1994 [United States]",https://openalex.org/W4229999236
21941,10.3886/icpsr21941,"NICHD Study of Early Child Care and Youth Development: Phase II, 1995-1999 [United States]",https://openalex.org/W4244459799
21942,10.3886/icpsr21942,"NICHD Study of Early Child Care and Youth Development: Phase III, 2000-2004 [United States]",https://openalex.org/W4233115954
22100,10.22330/heb/331/003-014,The Identification of Life History Strategy in a Short Projective Test,https://openalex.org/W2792263209
22361,10.3886/icpsr22361,"NICHD Study of Early Child Care and Youth Development: Phase IV, 2005-2007 [United States]",https://openalex.org/W4234181287
22404,10.3886/icpsr22404,"Uniform Crime Reporting Program Data [United States]: Arrests by Age, Sex, and Race, 2006",https://openalex.org/W4256445701
22405,10.3886/icpsr22405,"Uniform Crime Reporting Program Data [United States]: Arrests by Age, Sex, and Race, Summarized Yearly, 2006",https://openalex.org/W4251826035
22407,10.3886/icpsr22407.v1,"National Incident-Based Reporting System, 2006",https://openalex.org/W4298014427
22541,10.3886/icpsr22541,"Global Terrorism Database 1.1, 1970-1997",https://openalex.org/W4205794648
2259,10.3886/icpsr02259,"National Incident-Based Reporting System, 1995",https://openalex.org/W4297799981
22626,10.1371/journal.pgph.0002742,The effect of the Mid-Day Meal programme on the longitudinal physical growth from childhood to adolescence in India,https://openalex.org/W4390792665
2282,10.3886/icpsr02282,American National Election Study: 1997 Pilot Study,https://openalex.org/W4251895766
22840,10.3886/icpsr22840,"Midlife in the United States (MIDUS 2): Milwaukee African American Sample, 2005-2006",https://openalex.org/W4205884507
22884,10.3886/icpsr22884,"National Incident-Based Reporting System, 1999: Extract Files",https://openalex.org/W4298299435
2295,10.3886/icpsr02295.v1,"California Drug and Alcohol Treatment Assessment (CALDATA), 1991-1993",https://openalex.org/W4294962811
23263,10.1007/s11136-020-02576-5,Filling the psycho-social gap in the EQ-5D: the empirical support for four bolt-on dimensions,https://openalex.org/W3040988294
23324,10.3886/icpsr23324,"Uniform Crime Reporting Program Data [United States]: Arrests by Age, Sex, and Race, 1982",https://openalex.org/W4250981111
23327,10.3886/icpsr23327,"Uniform Crime Reporting Program Data [United States]: Arrests by Age, Sex, and Race, Summarized Yearly, 1983",https://openalex.org/W4253626962
23339,10.3886/icpsr23339,"Uniform Crime Reporting Program Data [United States]: Arrests by Age, Sex, and Race, Summarized Yearly, 1989",https://openalex.org/W4238586766
23340,10.3886/icpsr23340,"Uniform Crime Reporting Program Data [United States]: Arrests by Age, Sex, and Race, 1990",https://openalex.org/W4250758748
23341,10.3886/icpsr23341,"Uniform Crime Reporting Program Data [United States]: Arrests by Age, Sex, and Race, Summarized Yearly, 1990",https://openalex.org/W4235782216
23347,10.3886/icpsr23347,"Uniform Crime Reporting Program Data [United States]: Arrests by Age, Sex, and Race, Summarized Yearly, 1993",https://openalex.org/W4249389841
23364,10.3886/icpsr23364,"Uniform Crime Reporting Program Data [United States]: Arrests by Age, Sex, and Race, Summarized Yearly, 1997",https://openalex.org/W4234564556
2353,10.3886/icpsr02353,"Eurobarometer 48.0: Holiday Travel, October-November 1997",https://openalex.org/W4239502332
23541,10.3886/icpsr23541.v2,"National Incident-Based Reporting System, 2006: Extract Files",https://openalex.org/W4300828880
23862,10.3886/icpsr23862,"Civil Justice Survey of State Courts, 2005",https://openalex.org/W4235242679
2394,10.3886/icpsr02394,"Universe of Private Schools, 1976-1980: Condensed Version [United States]",https://openalex.org/W4230200882
2395,10.3886/icpsr02395.v1,"National Survey of Private Schools, 1985-1986: Teacher Questionnaire",https://openalex.org/W4236295614
2407,10.3886/icpsr02407,"American National Election Studies, 1992-1997: Combined File",https://openalex.org/W4245696983
2433,10.3886/icpsr02433,"National Prosecutors Survey, 1996",https://openalex.org/W4206669912
24340,10.1007/s11199-019-01097-x,Does Gender Equality Cause Gender Differences in Values? Reassessing the Gender-Equality-Personality Paradox,https://openalex.org/W2993243351
24386,10.1371/journal.pone.0223040,Multiplex communities and the emergence of international conflict,https://openalex.org/W2805797511
24421,10.3886/icpsr24421.v1,"National Electronic Injury Surveillance System All Injury Program, 2006",https://openalex.org/W4234084615
2443,10.3886/icpsr02443.v1,"Eurobarometer 44.3OVR: Employment, Unemployment, and Gender Equality, February-April 1996",https://openalex.org/W4252893448
24483,10.1017/s1755048320000656,"Religious Ideology, Race, and Health Care Policy Attitudes",https://openalex.org/W3120112002
24502,10.3886/icpsr24502,"Latino National Survey (LNS)--New England, 2006",https://openalex.org/W4251259749
24544,10.3886/icpsr24544,"Delegate Votes on 28 Motions at the United States Constitutional Convention, 1787",https://openalex.org/W4256121057
24642,10.3886/icpsr24642,"Census of State and Federal Adult Correctional Facilities, 2005",https://openalex.org/W4301511130
2465,10.3886/icpsr02465.v3,"National Incident-Based Reporting System, 1996",https://openalex.org/W4301100730
2478,10.3886/icpsr02478.v1,"Longitudinal Study of Criminal Career Patterns of Former California Youth Authority Wards, 1965-1984",https://openalex.org/W4250247980
24781,10.3886/icpsr24781,"Current Population Survey, May 2006: Tobacco Use Supplement (TUS), 2006-2007 Wave",https://openalex.org/W4239173612
24782,10.3886/icpsr24782.v2,"Current Population Survey, August 2006: Tobacco Use Supplement (TUS), 2006-2007 Wave",https://openalex.org/W4237553303
24783,10.3886/icpsr24783,"Current Population Survey, January 2007: Tobacco Use Supplement (TUS), 2006-2007 Wave",https://openalex.org/W4256091168
25106,10.3886/icpsr25106,"Uniform Crime Reporting Program Data [United States]: Arrests by Age, Sex, and Race, Summarized Yearly, 2007",https://openalex.org/W4240174677
25110,10.3886/icpsr25110,"National Incident-Based Reporting System, 1992",https://openalex.org/W4372257101
25111,10.3886/icpsr25111,"National Incident-Based Reporting System, 1993",https://openalex.org/W4299436768
25112,10.3886/icpsr25112,"National Incident-Based Reporting System, 1994",https://openalex.org/W4300926983
25113,10.3886/icpsr25113,"National Incident-Based Reporting System, 2007",https://openalex.org/W4300840921
2520,10.3886/icpsr02520.v1,"Impacts of Specific Incivilities on Responses to Crime and Local Commitment, 1979-1994: [Atlanta, Baltimore, Chicago, Minneapolis-St. Paul, and Seattle]",https://openalex.org/W4205901975
25203,10.3886/icpsr25203,"Housing Affordability Data System (HADS), 2002",https://openalex.org/W2911102534
25281,10.1186/s12874-020-01150-4,"Comparing multiple statistical software for multiple-indicator, multiple-cause modeling: an application of gender disparity in adult cognitive functioning using MIDUS II dataset",https://openalex.org/W3100164346
25341,10.3886/icpsr25341,"National Incident-Based Reporting System, 2007: Extract Files",https://openalex.org/W4300719998
25501,10.3389/fendo.2023.1146479,"A triple-masked, two-center, randomized parallel clinical trial to assess the superiority of eight weeks of grape seed flour supplementation against placebo for weight loss attenuation during perioperative period in patients with cachexia associated with colorectal cancer: a study protocol",https://openalex.org/W4391033308
25503,10.1038/s41398-022-02038-1,Digital phenotyping of generalized anxiety disorder: using artificial intelligence to accurately predict symptom severity using wearable sensors in daily life,https://openalex.org/W4293900347
25581,10.3886/icpsr25581.v1,"Evaluating the Dental Pipeline Program: Recruiting Minorities and Promoting Community-Based Dental Education, 2003-2007 [United States]",https://openalex.org/W4253580585
2564,10.3886/icpsr02564.v1,"Crack, Powder Cocaine, and Heroin: Drug Purchase and Use Patterns in Six Cities in the United States, 1995-1996",https://openalex.org/W4256729515
2565,10.3886/icpsr02565.v1,"Uniform Crime Reports (UCR) and Federal Information Processing Standards (FIPS) State and County Geographic Codes, 1990: United States",https://openalex.org/W4233511982
25662,10.3886/icpsr25662.v1,"CBS News New Hampshire Primary Call-Back Poll, January 2008",https://openalex.org/W4251193648
25963,10.3886/icpsr25963.v2,"Study of Dementia in Swedish Twins, 1990-1999",https://openalex.org/W2615253952
26001,10.3886/icpsr26001.v1,"Health Tracking Household Survey, 2007 [United States]",https://openalex.org/W4251740221
26101,10.3886/icpsr26101,"Empirical Investigation of ""Going to Scale"" in Drug Interventions in the United States, 1990, 2003",https://openalex.org/W4243324247
26141,10.3886/icpsr26141,"CBS News South Carolina Primary Call-Back Poll, January 2008",https://openalex.org/W4206486248
26145,10.3886/icpsr26145.v1,"CBS News Call-Back Poll, March 2008",https://openalex.org/W4214575475
26302,10.5339/irl.2016.10,The push for practical legal skills education in Qatar: Results from an externship program,https://openalex.org/W2558845964
26602,10.3886/icpsr26602,"Census of Jail Facilities, 2006",https://openalex.org/W4246096572
26681,10.1371/journal.pone.0159273,What Matters Most for Predicting Survival? A Multinational Population-Based Cohort Study,https://openalex.org/W2496394612
26721,10.1017/thg.2019.61,Children of the Twins Early Development Study (CoTEDS): A Children-of-Twins Study,https://openalex.org/W2968328767
26761,10.3886/icpsr26761,"County-Specific Net Migration Estimates, 1980-1990 [United States]",https://openalex.org/W4229971316
26841,10.1007/s41042-023-00101-w,Chronic Pain and Affective Experiences Associated with Daily Stressors and Uplifts,https://openalex.org/W4376149926
26941,10.3886/icpsr26941.v1,"National Electronic Injury Surveillance System All Injury Program, 2007",https://openalex.org/W4252514085
27021,10.3758/s13428-018-1150-4,Robust maximum marginal likelihood (RMML) estimation for item response theory models,https://openalex.org/W2897506032
27063,10.17632/fcx3chrnh3.3,Q-Q trade-off in Northeast China,https://openalex.org/W3102718478
27181,10.3886/icpsr27181.v1,"Community Partnerships for Older Adults (CPFOA) Program Survey of Older Adults, 2008 [United States]",https://openalex.org/W4253528488
27201,10.3886/icpsr27201,"National Health Interview Survey, 2007",https://openalex.org/W4299323081
27202,10.3886/icpsr27202,"Health Tracking Physician Survey, 2008 [United States]",https://openalex.org/W4241942234
27241,10.1007/s11606-011-1840-4,“But my Doctor Recommended Pot”: Medical Marijuana and the Patient–Physician Relationship,https://openalex.org/W2005933186
27261,10.3886/icpsr27261.v1,"Survey of Campus Law Enforcement Agencies, 2004-2005: [United States]",https://openalex.org/W2911221467
2733,10.3886/icpsr02733,"Schools and Staffing Survey, 1987-1988 [United States]: Revised Version",https://openalex.org/W4206407992
2734,10.3886/icpsr02734.v1,"Schools and Staffing Survey, 1987-1988 [United States]: Teacher Follow-up Survey, 1988-1989, Revised Version",https://openalex.org/W4235927238
27341,10.3886/icpsr27341,"National Health Interview Survey, 2008",https://openalex.org/W4292900935
2742,10.3886/icpsr02742,"Uniform Crime Reporting Program Data [United States]: Arrests by Age, Sex, and Race, 1997",https://openalex.org/W4213385492
2744,10.3886/icpsr02744,"Established Populations for Epidemiologic Studies of the Elderly, 1996-1997: Piedmont Health Survey of the Elderly, Fourth In-Person Survey [Durham, Warren, Vance, Granville, and Franklin Counties, North Carolina]",https://openalex.org/W4238587985
2746,10.3886/icpsr02746,"Schools and Staffing Survey, 1990-1991 [United States]: Teacher Follow-up Survey, 1991-1992, Revised Version",https://openalex.org/W4236456285
27521,10.3886/icpsr27521.v1,"Gender, Mental Illness, and Crime in the United States, 2004",https://openalex.org/W4251149810
2760,10.2147/ijgm.s334972,Association Between HDL-C and Bone Mineral Density: An Cross-Sectional Analysis,https://openalex.org/W3216411522
2763,10.3886/icpsr02763,"Schools and Staffing Survey, 1993-1994 [United States]: Teacher Follow-Up Survey, 1994-1995, Revised Version",https://openalex.org/W4234989695
27642,10.3886/icpsr27642.v1,"Uniform Crime Reporting Program Data [United States]: Arrests by Age, Sex, and Race, 2008",https://openalex.org/W4250397103
27643,10.3886/icpsr27643.v1,"Uniform Crime Reporting Program Data [United States]: Arrests by Age, Sex, and Race, Summarized Yearly, 2008",https://openalex.org/W4238407787
27647,10.3886/icpsr27647,"National Incident-Based Reporting System, 2008",https://openalex.org/W2910276647
27651,10.3886/icpsr27651.v1,"Uniform Crime Reporting Program Data [United States]: Arrests by Age, Sex, and Race, Summarized Yearly, 2003",https://openalex.org/W4255885666
2766,10.1007/s11524-011-9543-z,"Neighborhood-Level Factors Associated with Physical Dating Violence Perpetration: Results of a Representative Survey Conducted in Boston, MA",https://openalex.org/W2002934859
27741,10.3886/icpsr27741.v1,"National Incident-Based Reporting System, 2008: Extract Files",https://openalex.org/W4299411973
27865,10.1186/s42238-022-00120-5,Licensed and unlicensed cannabis outlets in Los Angeles County: the potential implications of location for social equity,https://openalex.org/W4223509534
28001,10.3886/icpsr28001.v1,"Census of State and Local Law Enforcement Agencies (CSLLEA), 2004 [United States]",https://openalex.org/W2917187790
28221,10.3886/icpsr28221.v1,"Dutch Parliamentary Election Study Cumulative Dataset, 1971-2006",https://openalex.org/W4247242659
2826,10.3886/icpsr02826.v1,"Arrestee Drug Abuse Monitoring (ADAM) Program in the United States, 1998",https://openalex.org/W4246016334
28501,10.48550/arxiv.1704.08299,A Machine Learning Approach to Improving Occupational Income Scores,https://openalex.org/W2963316987
2851,10.3886/icpsr02851.v2,"Hispanic Established Populations for the Epidemiologic Studies of the Elderly, 1993-1994: [Arizona, California, Colorado, New Mexico, and Texas]",https://openalex.org/W4232384186
28561,10.1057/s41599-020-00594-9,"Violence, communication, and satisfaction among middle-aged adults and older people from Romania",https://openalex.org/W3090180145
28581,10.1186/s13034-020-00330-w,Comorbidity of disruptive behavior disorders and intermittent explosive disorder,https://openalex.org/W3029583310
28661,10.3886/icpsr28661,"Gansu Poverty and Education Project, Wave 1, 2000",https://openalex.org/W4243717986
28683,10.3886/icpsr28683,"Midlife in the United States (MIDUS 2): Neuroscience Project, 2004-2009",https://openalex.org/W4242866606
28721,10.3886/icpsr28721,"National Health Interview Survey, 2009",https://openalex.org/W4301457148
2876,10.3886/icpsr02876,"Law Enforcement Agency Identifiers Crosswalk [United States], 1996",https://openalex.org/W4302037586
28762,10.3886/icpsr28762,"Study of Women's Health Across the Nation (SWAN): Baseline Dataset, [United States], 1996-1997",https://openalex.org/W4206644997
2877,10.3886/icpsr02877,"Aging of Veterans of the Union Army: Surgeons' Certificates, United States, 1862-1940",https://openalex.org/W4252780419
2890,10.3886/icpsr02890.v1,"Experiment to Enhance the Reporting of Drug Use by Arrestees in Cleveland, Detroit, and Houston, 1997",https://openalex.org/W4246052322
2917,10.3886/icpsr03315,"Survey of Program Dynamics (SPD) First Longitudinal File: Data Years 1992, 1993, 1994, 1996, and 1997",https://openalex.org/W4248294306
2921,10.3886/icpsr02921.v1,"CBS News New Hampshire Primary Call-Back Poll, January 2000",https://openalex.org/W4239830057
2922,10.3886/icpsr02922.v1,"CBS News State of the Union Call-Back Poll, January 2000",https://openalex.org/W4252796217
29282,10.3886/icpsr29282.v1,"Midlife in the United States (MIDUS 2): Biomarker Project, 2004-2009",https://openalex.org/W4253900522
2930,10.3886/icpsr02930.v1,"Census Tract Data, 1940: Elizabeth Mullen Bogue File",https://openalex.org/W4249395868
2932,10.3886/icpsr02932,"Census Tract Data, 1960: Elizabeth Mullen Bogue File",https://openalex.org/W4205779433
29523,10.3886/icpsr29523.v1,Displaced New Orleans Residents Pilot Study (DNORPS),https://openalex.org/W4233969068
29654,10.3886/icpsr29654,"Hispanic Established Populations for the Epidemiologic Study of the Elderly (HEPESE) Wave 6, 2006-2007 [Arizona, California, Colorado, New Mexico, and Texas]",https://openalex.org/W4248014605
29801,10.3886/icpsr29801.v1,"National Study of Physician Organizations and the Management of Chronic Illness II (NSPO2), 2006-2007",https://openalex.org/W4250862640
2983,10.3886/icpsr02983.v3,"CBS News Call-Back Poll, April 2000",https://openalex.org/W4252231012
29884,10.3886/icpsr29884,"Consumer Expenditure Survey, 2009: Interview Survey and Detailed Expenditure Files",https://openalex.org/W4229507325
2994,10.3886/icpsr02994.v1,"Arrestee Drug Abuse Monitoring (ADAM) Program in the United States, 1999",https://openalex.org/W4242140074
29941,10.3389/fevo.2021.588894,Crowdsourcing Global Perspectives in Ecology Using Social Media,https://openalex.org/W3213236902
29961,10.1007/s10940-020-09478-2,"Are Trustworthiness and Legitimacy ‘Hard to Win, Easy to Lose’? A Longitudinal Test of the Asymmetry Thesis of Police-Citizen Contact",https://openalex.org/W3088907277
30001,10.3886/icpsr30001,"Ithaka S+R Faculty Survey 2009: Key Strategic Insights for Libraries, Publishers, and Societies",https://openalex.org/W4233205537
3002,10.3886/icpsr03002,"Chicago Women's Health Risk Study, 1995-1998",https://openalex.org/W4241605550
30021,10.3886/icpsr30021,"Syntax for Creating a Comparative Dataset on Parents' Time Use in Four Countries, 2000-2003",https://openalex.org/W4244684126
30261,10.33774/apsa-2023-bvx5v,The Influence of Biased Local Newspaper Endorsements,https://openalex.org/W4377018741
3030,10.3886/icpsr03030.v1,"United States Biotechnology Study, 1997-1998",https://openalex.org/W4236360623
30544,10.3886/icpsr30544.v1,"National Electronic Injury Surveillance System All Injury Program, 2008",https://openalex.org/W4235707703
30762,10.3886/icpsr30762,"Uniform Crime Reporting Program Data: Arrests by Age, Sex, and Race, Summarized Yearly, United States, 2009",https://openalex.org/W4245313464
30770,10.3886/icpsr30770.v1,"Uniform Crime Reporting: National Incident-Based Reporting System, 2009",https://openalex.org/W4206357829
30822,10.3886/icpsr30822.v2,"Survey of Midlife in Japan (MIDJA), April-September 2008",https://openalex.org/W4231181455
3088,10.3886/icpsr03088.v5,"Alcohol and Drug Services Study (ADSS), 1996-1999: [United States]",https://openalex.org/W4231354414
31041,10.17605/osf.io/28egf,Diversity and Judicial Legitimacy in State Courts,https://openalex.org/W3188596147
3110,10.3886/icpsr03110,"CBS News Call-Back Poll, August 2000",https://openalex.org/W4244093950
3122,10.3886/icpsr03122,"CBS News Call-Back Poll, July 2000",https://openalex.org/W4205361094
31263,10.1371/journal.pone.0223766,Correlates of longitudinal leukocyte telomere length in the Costa Rican Longevity Study of Healthy Aging (CRELES): On the importance of DNA collection and storage procedures,https://openalex.org/W2979602627
31321,10.31299/ksi.29.1.1,"Examining the effects of psychiatric symptoms, brain injury symptoms, and low self-control on the placement of inmates in administrative segregation and their risk for suicidal ideation",https://openalex.org/W3211240946
3145,10.3886/icpsr03145,"Gun Density, Gun Type, and the Dallas Homicide Rate, 1980-1992",https://openalex.org/W4243872804
31567,10.3886/icpsr31567.v1,"CBS News Callback Poll, March 2010",https://openalex.org/W4233749921
31622,10.3886/icpsr31622,"The Future of Families and Child Wellbeing Study (FFCWS), Public Use, United States, 1998-2024",https://openalex.org/W4241570482
31661,10.3886/icpsr31661.v1,"Moving to Opportunity (MTO) for Fair Housing Demonstration: Interim Impacts Evaluation, Tier 1 Restricted Access Data, 1994-2001 [United States]",https://openalex.org/W4205731930
31781,10.3886/icpsr31781,"Convention Delegate Study, 2000 [United States]",https://openalex.org/W4256350611
3191,10.3886/icpsr03191.v1,"Family Interaction, Social Capital, and Trends in Time Use (FISCT), 1998-1999: [United States]",https://openalex.org/W4244583412
3199,10.3886/icpsr03199.v3,"Community Tracking Study Household Survey, 1998-1999, and Followback Survey, 1998-2000: [United States]",https://openalex.org/W4246379053
3202,10.3886/icpsr03202,"Panel Study of Income Dynamics, 1968-1999: Supplemental Files",https://openalex.org/W4242776467
32022,10.3886/icpsr32022,"Police-Public Contact Survey, 2008",https://openalex.org/W2911180954
32483,10.3886/icpsr32483,"Consumer Expenditure Survey, 2010: Interview Survey and Detailed Expenditure Files",https://openalex.org/W4245140238
32501,10.3886/icpsr32501.v1,"Civil Justice Survey of Trials on Appeal, 2005",https://openalex.org/W4243565310
32562,10.3886/icpsr32562.v1,"National Incident-Based Reporting System, 2009: Extract Files",https://openalex.org/W4299872349
3267,10.3886/icpsr03267,"Community Tracking Study Physician Survey, 1998-1999: [United States]",https://openalex.org/W4229833888
3270,10.3886/icpsr03270,"Arrestee Drug Abuse Monitoring (ADAM) Program in the United States, 2000",https://openalex.org/W4237596976
32722,10.12688/f1000research.2-98.v1,Over 30 million psychedelic users in the United States,https://openalex.org/W2117522474
3293,10.3886/icpsr03293,"Violence Against Women: Developmental Antecedents Among Black, Caucasian, and Hispanic Women in the United States, 1987-1988 and 1992-1994",https://openalex.org/W4230272909
32961,10.1186/s12859-021-04138-z,Dynamic model updating (DMU) approach for statistical learning model building with missing data,https://openalex.org/W3159624973
3313,10.3886/icpsr03313.v1,"North Dakota Health Insurance Survey, 1998",https://openalex.org/W4230420025
3315,10.3886/icpsr03315.v1,"Survey of Program Dynamics (SPD) First Longitudinal File: Data Years 1992, 1993, 1994, 1996, and 1997",https://openalex.org/W4210366552
3326,10.3886/icpsr03326.v1,"American Perceptions of Aging in the 21st Century [APA21], 2000",https://openalex.org/W4244616990
33441,10.3886/icpsr33441.v1,"Census of Population and Housing, 2010 [United States]: Redistricting Data (Public Law 94-171) Summary File",https://openalex.org/W4249751098
33442,10.3886/icpsr33442.v1,"Census of Population and Housing, 2010 [United States]: National Summary File of Redistricting Data",https://openalex.org/W4239391723
3348,10.3886/icpsr03348,"CBS News Call-Back Poll, June 2001",https://openalex.org/W4244635901
33521,10.3886/icpsr33521.v1,"Uniform Crime Reporting Program Data: Arrests by Age, Sex, and Race, United States, 2010",https://openalex.org/W4232568905
33530,10.3886/icpsr33530,"Uniform Crime Reporting: National Incident-Based Reporting System, 2010",https://openalex.org/W4240615887
33541,10.3886/icpsr33541,"Healthy Schools Program Evaluation, 2006-2014",https://openalex.org/W4252424895
3355,10.3886/icpsr03355.v8,Recidivism of Prisoners Released in 1994,https://openalex.org/W4241410699
3356,10.3886/icpsr03356,SETUPS: Voting Behavior: The 2000 Election,https://openalex.org/W4206124001
33584,10.3886/icpsr33584,"After the JD 2: A Longitudinal Study of Careers in Transition, 2007-2008, United States",https://openalex.org/W4250313879
33601,10.3886/icpsr33601.v1,"National Incident-Based Reporting System, 2010: Extract Files",https://openalex.org/W4297785148
3362,10.3886/icpsr03362.v2,"Eurobarometer 55.1OVR: Young Europeans, April-May 2001",https://openalex.org/W4213063713
33681,10.3886/icpsr33681.v1,"National Electronic Injury Surveillance System All Injury Program, 2009",https://openalex.org/W4246906400
3371,10.3886/icpsr03371,"Database of [United States] Congressional Historical Statistics, 1789-1989",https://openalex.org/W4244378216
3381,10.3886/icpsr03381,"National Health Interview Survey, 2000",https://openalex.org/W4290941925
3385,10.3886/icpsr03385,"Hispanic Established Populations for Epidemiologic Studies of the Elderly, Wave II, 1995-1996: [Arizona, California, Colorado, New Mexico, and Texas]",https://openalex.org/W4255796346
33863,10.1017/s0003055422000302,Migration and the Demand for Transnational Justice,https://openalex.org/W4225672254
3404,10.3886/icpsr03404,"Drug Abuse Treatment Outcome Study--Adolescent (DATOS-A), 1993-1995: [United States]",https://openalex.org/W4233852862
34141,10.3886/icpsr34141.v1,"Health Tracking Household Survey, 2010 [United States]",https://openalex.org/W4237163315
34161,10.3886/icpsr34161.v1,"Evaluation of Children's Futures: Improving Health and Development Outcomes for Children in Trenton, New Jersey: Second Community Survey, 2008 and Third Community Survey, 2010",https://openalex.org/W4237093940
3418,10.3886/icpsr03418,"National Prosecutors Survey [Census], 2001",https://openalex.org/W4210373599
34241,10.1186/2251-6581-13-36,"Cross-country variation in additive effects of socio-economics, health behaviors, and comorbidities on subjective health of patients with diabetes",https://openalex.org/W2139934179
34297,10.3886/icpsr34297,State Legislative Election Returns (1967-2010),https://openalex.org/W4205827083
34315,10.1371/journal.pone.0202607,Distribution of item responses and total item scores for the Center for Epidemiologic Studies Depression Scale (CES-D): Data from the Irish Longitudinal Study on Ageing (TILDA),https://openalex.org/W2887609523
34352,10.3886/icpsr34352,"Text Message Outreach for Complex Patients with Diabetes in Denver, CO, 2011-2012",https://openalex.org/W4205541755
34353,10.3886/icpsr34353.v1,"CMS Medicaid Analytic Extract (MaxFile) Medicaid Claims Data: 100 Percent of Claims for 14 Southern States, 2004-2007",https://openalex.org/W4230579998
34361,10.3886/icpsr34361,Washington University Comparative Effectiveness Administrative Data Repository,https://openalex.org/W4248433779
3437,10.3886/icpsr03437,"Community Crime Prevention and Intimate Violence in Chicago, 1995-1998",https://openalex.org/W4205170910
34420,10.59377/366v9280x,Latino Parents Report Positive Co-parenting and Parent-Child Interactions that Vary by Gender and Nativity,https://openalex.org/W4386039447
3443,10.3886/icpsr03443,"Uniform Crime Reporting Program Data [United States]: Arrests by Age, Sex, and Race, 2000",https://openalex.org/W4231245405
34430,10.4102/pythagoras.v39i1.376,Students’ understanding of geometry terminology through the lens of Van Hiele theory,https://openalex.org/W2896279765
34441,10.3886/icpsr34441,"Consumer Expenditure Survey, 2011: Interview Survey and Detailed Expenditure Files",https://openalex.org/W4237716545
34443,10.3886/icpsr34443.v1,"Post-Acute Care Supplement (PACS) Research Files, 2000-2010",https://openalex.org/W4235652550
34481,10.3758/s13428-014-0533-4,Disclosure of sensitive behaviors across self-administered survey modes: a meta-analysis,https://openalex.org/W1969579869
34483,10.3886/icpsr34483,"Sacramento Area Latino Study on Aging (SALSA Study), 1996-2008: Demographic Data",https://openalex.org/W4231719287
3449,10.3886/icpsr03449.v2,"National Incident-Based Reporting System, 2000",https://openalex.org/W4302985752
34495,10.3886/icpsr34495.v1,"Culturally Focused Psychiatric Consultation Service For Massachusetts General Hospital's Asian American and Latino American Primary Care Patients with Depression, 2009-2011",https://openalex.org/W4254260564
34542,10.3886/icpsr34542,"North Carolina Integrated Data for Researchers (NCIDR): Merged Behavioral Health Data from Four Publicly-Funded Sources in North Carolina, July 2007-June 2011",https://openalex.org/W4248397559
34544,10.3886/icpsr34544.v1,"Expansion Research Capability to Study Comparative Effectiveness in Complex Patients, 2007-2010 [Tampa, St. Petersburg, and Clearwater, Florida]",https://openalex.org/W4247504824
34552,10.1057/s41295-019-00199-w,Equality prescribed? Contextual determinants of citizens’ support for gender boardroom quotas across Europe,https://openalex.org/W2984398643
34554,10.3886/icpsr34554.v1,Enhancing Analytic Abilities to Identify Complex Patients in 225 Practice Partner Research Network (PPRNet) Practices in 42 states: July 2010-July 2012,https://openalex.org/W4249703233
34558,10.1007/s10643-022-01399-y,The Role of Preschool Dosage and Quality in Children’s Self-Regulation Development,https://openalex.org/W4308158141
34580,10.3886/icpsr34580,"Uniform Crime Reporting Program Data: Arrests by Age, Sex, and Race, United States, 2011",https://openalex.org/W4253401454
34581,10.3886/icpsr34581,"Uniform Crime Reporting Program Data: Arrests by Age, Sex, and Race, Summarized Yearly, United States, 2011",https://openalex.org/W4243319842
34585,10.3886/icpsr34585.v1,"Uniform Crime Reporting Program Data: National Incident-Based Reporting System, 2011",https://openalex.org/W4248365881
34587,10.3886/icpsr34587,"Uniform Crime Reporting Program Data: Property Stolen and Recovered, 2011",https://openalex.org/W4214555179
3461,10.3886/icpsr03461,"CBS News/New York Times Call-Back Poll, January 2002",https://openalex.org/W4237213063
34638,10.1038/s41562-023-01689-4,World’s human migration patterns in 2000–2019 unveiled by high-resolution data,https://openalex.org/W4386498947
34639,10.3886/icpsr34639,"Enhanced Data to Accelerate Complex Patient Comparative Effectiveness Research, 2006-2009 [United States]",https://openalex.org/W4244793343
34644,10.3886/icpsr34644,"Clinical Database to Support Comparative Effectiveness Studies of Complex Patients, 2005-2010 [United States]",https://openalex.org/W4240243400
34647,10.4054/demres.2020.43.17,The sibsize revolution in an international context: Declining social disparities in the number of siblings in 26 countries,https://openalex.org/W3048374812
34672,10.3886/icpsr34672.v1,"Collaborative National Network Examining Comparative Effectiveness Trials (CoNNECT) in 12 U.S. States, August 2010-July 2012",https://openalex.org/W4242260754
34715,10.1057/s42738-023-00112-0,From Bush to Biden: British public opinion and the image of America,https://openalex.org/W4393279642
34746,10.3886/icpsr34746,"Census of Population and Housing, 2010 [United States]: Summary File 1 Urban/Rural Update",https://openalex.org/W4233314223
34771,10.3389/fpsyg.2022.875161,Development and Testing of the Curiosity in Classrooms Framework and Coding Protocol,https://openalex.org/W4226081882
34789,10.1371/journal.pone.0123339,The Effect of Geography and Citizen Behavior on Motor Vehicle Deaths in the United States,https://openalex.org/W2006983627
34792,10.1186/s12889-018-5390-0,Association between body mass index and health outcomes among adolescents: the mediating role of traditional and cyber bullying victimization,https://openalex.org/W2805235851
34802,10.17159/2413-3027/2019/v32n1a3,"A mall intercept survey on religion and worldview in the Cape Flats of Cape Town, South Africa",https://openalex.org/W2969965719
3482,10.3886/icpsr03482,"California Vital Statistics and Homicide Data, 1990-1999",https://openalex.org/W4239576659
34837,10.3389/fcomm.2021.685850,"Linking Wise Organizations to Wise Leadership, Job Satisfaction, and Well-Being",https://openalex.org/W3217766898
3484,10.3886/icpsr03484.v4,"Census of State and Local Law Enforcement Agencies (CSLLEA), 2000: [United States]",https://openalex.org/W2908598747
34851,10.3886/icpsr34851,"American College Catalog Study Database, 1975-2011",https://openalex.org/W4256709959
34921,10.1007/s11606-020-06118-0,Early Life Sexual Trauma and Later Life Genitourinary Dysfunction and Functional Disability in Women,https://openalex.org/W3082005173
35011,10.3886/icpsr35011.v1,"National Organizations Survey, 2010: Examining the Relationships Between Job Quality and the Domestic and International Sourcing of Business Functions by United States Organizations",https://openalex.org/W2153546025
35163,10.1146/annurev-polisci-070621-032538,Asian Americans and the Politics of the Twenty-First Century,https://openalex.org/W4364356937
35168,10.15845/voices.v23i3.3702,Change of Plans and A New Venue of Possibility,https://openalex.org/W4388227250
35197,10.1017/ehs.2022.19,"Early adversity, adult lifestyle, and posttraumatic stress disorder in a military sample",https://openalex.org/W4280535528
35203,10.1007/s40653-020-00331-z,A Causal Model of Children’s Vicarious Traumatization,https://openalex.org/W3120478636
35206,10.3886/e115795v3,County-level crop area in the USA 1840-2017,https://openalex.org/W3134205967
35292,10.3886/icpsr35292.v4,"China Multi-Generational Panel Dataset, Shuangcheng (CMGPD-SC), 1866-1913",
3545,10.3886/icpsr03545.v2,"Eurobarometer 57.2OVR: Youth Attitudes About Drugs, April-June 2002",https://openalex.org/W4237281432
3548,10.3886/icpsr03548.v1,"Childhood Victimization and Delinquency, Adult Criminality, and Violent Criminal Behavior in a Large Urban County in the Northwest United States, 1980-1997",https://openalex.org/W4206686965
3550,10.3886/icpsr03550,"National Survey of DNA Crime Laboratories, 2001",https://openalex.org/W4301470403
35648,10.1007/s12103-024-09756-w,Empirical Examination of Factors that Influence Official Decisions in Criminal Cases Against Police Officers,https://openalex.org/W4392099411
3594,10.3886/icpsr03594.v1,"Survey of Program Dynamics (SPD) Second Longitudinal File: Data Years 1992, 1993, 1994, 1996, 1997, 1998, and 1999",https://openalex.org/W4244781708
3605,10.3886/icpsr03605,"National Health Interview Survey, 2001",https://openalex.org/W4294992568
36053,10.1007/s10680-017-9445-1,"Cognition, Health, and Well-Being in a Rural Sub-Saharan African Population",https://openalex.org/W2770487387
36074,10.1007/s10643-023-01491-x,Caring for Whole Families: Relationships Between Providers and Families During Infancy and Toddlerhood,https://openalex.org/W4367185690
36151,10.1371/journal.pone.0269388,Morbidity status and changes in difficulty in activities of daily living among older adults in India: A panel data analysis,https://openalex.org/W4281870007
36158,10.1007/s41542-022-00122-y,"An Alpha, Beta and Gamma Approach to Evaluating Occupational Health Organizational Interventions: Learning from the Measurement of Work-Family Conflict Change",https://openalex.org/W4293277231
36179,10.1186/s12877-018-0785-4,The relationship and mechanism between education and functional health status transition among older persons in China,https://openalex.org/W2801820246
36231,10.3389/fpubh.2022.882434,"The association of perceptions of harmfulness and addictiveness on the age of initiation of cigar product use among youth: Findings from the Population Assessment of Tobacco and Health (PATH) study, 2013–2017",https://openalex.org/W4302009096
36234,10.1017/thg.2019.45,The NAS-NRC Twin Registry and Duke Twins Study of Memory in Aging: An Update,https://openalex.org/W2965818425
36263,10.5888/pcd14.170253,Exposure to Advertisements and Marijuana Use Among US Adolescents,https://openalex.org/W2775047465
36346,10.1007/s10865-024-00478-2,Increased frequency of light physical activity during midlife and old age buffers against cognitive declines,https://openalex.org/W4392364181
36349,10.1007/s11606-023-08117-3,Relationship Between Unmet Social Needs and Care Access in a Veteran Cohort,https://openalex.org/W4381434537
3635,10.3886/icpsr03635,"Survey of Consumer Attitudes and Behavior, Fall 1953: Human Relations",https://openalex.org/W4254970274
3636,10.3886/icpsr03636.v1,"Development and Measurement of Social Indicators, 1972-1973",https://openalex.org/W4256542140
36360,10.1007/s10804-022-09409-4,Financial Problems in Established Adulthood: Implications for Depressive Symptoms and Relationship Quality with Parents,https://openalex.org/W4283327776
36361,10.1007/s11336-022-09848-8,Objective Bayesian Edge Screening and Structure Selection for Ising Networks,https://openalex.org/W4213278836
36390,10.1371/journal.pone.0226394,Tapped out or barely tapped? Recommendations for how to harness the vast and largely unused potential of the Mechanical Turk participant pool,https://openalex.org/W2996509273
36399,10.1007/s10683-021-09737-4,The cost of a divided America: an experimental study into destructive behavior,https://openalex.org/W3107146625
36422,10.3389/fneur.2019.01013,Social Support as a Predictor of Community Participation After Stroke,https://openalex.org/W2972088751
36498,10.12688/f1000research.21377.1,E-cigarette use and onset of first cigarette smoking among adolescents: An empirical test of the ‘common liability’ theory,https://openalex.org/W4232431750
36537,10.1186/s12877-022-02945-4,Body mass index and 12-year mortality among older Mexican Americans aged 75 years and older,https://openalex.org/W4220729779
36670,10.1371/journal.pone.0274379,The (im-)moral scientist? Measurement and framing effects shape the association between scientists and immorality,https://openalex.org/W4300690928
36684,10.57197/jdr-2023-0005,Building an Acute Ischemic Stroke Identification Model Using a Deep Learning Technique,https://openalex.org/W4381050072
36692,10.1038/s41598-020-75446-2,Genetic and non-genetic factors associated with the phenotype of exceptional longevity &amp; normal cognition,https://openalex.org/W3096664540
36737,10.7759/cureus.26402,Methylenedioxymethamphetamine (MDMA)-Assisted Therapy in Hawaii: A Brief Review,https://openalex.org/W4283698346
3678,10.3886/icpsr03678,"Resources for Enhancing Alzheimer's Caregiver Health, 1996-2001, Baseline and Follow-Up Data",https://openalex.org/W4214556910
36800,10.1017/s0954579423000755,Identifying multilevel predictors of trajectories of psychopathology and resilience among juvenile offenders: A machine learning approach,https://openalex.org/W4386046624
36824,10.1017/s1049096519000854,Left Unchecked: Political Hegemony in Political Science and the Flaws It Can Cause,https://openalex.org/W2949997464
36873,10.1186/s12859-023-05502-x,Artificial Intelligence based wrapper for high dimensional feature selection,https://openalex.org/W4387733089
3688,10.3886/icpsr03688,"Arrestee Drug Abuse Monitoring (ADAM) Program in the United States, 2001",https://openalex.org/W4235699025
36901,10.31237/osf.io/4gfmk,The role of Interleukin-6 as a biomarker in ADHD,https://openalex.org/W4393126310
36970,10.1371/journal.pone.0186829,Wheelchair tiedown and occupant restraint practices in paratransit vehicles,https://openalex.org/W2782038322
36982,10.1007/s10964-021-01516-x,In the Aftermath of School Victimization: Links Between Authoritative School Climate and Adolescents’ Perceptions of the Negative Effects of Bullying Victimization,https://openalex.org/W3206973942
37041,10.1515/npf-2020-0036,Nonprofit Arts Organizations’ Pursuit of Public Interests: The Role of Board Diversity,https://openalex.org/W3166318074
37047,10.1186/s12939-021-01609-w,"Assessing equity in health, wealth, and civic engagement: a nationally representative survey, United States, 2020",https://openalex.org/W4210530134
37070,10.1017/bpp.2020.8,Network insiders and observers: who can identify influential people?,https://openalex.org/W3023574795
37075,10.1007/978-3-030-75645-1_4,The Impact of Fatherhood on Men’s Health and Development,https://openalex.org/W3197477390
37077,10.1007/s11205-022-02896-8,Longitudinal Patterns of Material Hardship Among US Families,https://openalex.org/W4214926777
37131,10.1186/s12911-020-01189-9,Pilot implementation of an electronic patient-reported outcome measure for planning and monitoring participation-focused care in early intervention,https://openalex.org/W3080688043
3714,10.3886/icpsr03714,"Trends in Substance Abuse and Treatment Needs Among Inmates in the United States, 1996-1997",https://openalex.org/W4238476136
37147,10.1007/s10964-021-01507-y,Ethnic Diversity and Students’ Social Adjustment in Dutch Classrooms,https://openalex.org/W3202991469
37166,10.12688/f1000research.51209.2,Efficacy and risk of sexual orientation change efforts: a retrospective analysis of 125 exposed men,https://openalex.org/W4233122476
37183,10.1007/s00127-021-02189-4,Structure and trends of externalizing and internalizing psychiatric symptoms and gender differences among adolescents in the US from 1991 to 2018,https://openalex.org/W3211885726
37229,10.29173/iq1028,A model for data ethics instruction for non-experts,https://openalex.org/W4313231362
37242,10.3886/icpsr37242,"Los Angeles Family and Neighborhood Survey (L.A.FANS), Wave 1, Restricted Data Version 1, 2000-2001",https://openalex.org/W3000651008
37256,10.21203/rs.3.rs-1508116/v1,Crime Prediction with Graph Neural Networks and Multivariate Normal Distributions,https://openalex.org/W3215817374
3727,10.3886/icpsr03727,"Continuity and Change in American National Elections, 1952-1996: [Instructional Materials]",https://openalex.org/W4241972350
3729,10.3886/icpsr03729,"Uniform Crime Reporting Program Data [United States]: Arrests by Age, Sex, and Race, Summarized Yearly, 2001",https://openalex.org/W4251527663
3730,10.3886/icpsr03730.v1,Worldviews 2002: European Public Opinion on Foreign Policy,https://openalex.org/W4244728090
37353,10.1038/s41586-019-1466-y,A national experiment reveals where a growth mindset improves achievement,https://openalex.org/W2964722401
37382,10.1007/s41775-021-00120-x,Revisiting the relationship between farm mechanization and labour requirement in India,https://openalex.org/W3207312050
37404,10.48550/arxiv.2206.05175,A Causal Research Pipeline and Tutorial for Psychologists and Social Scientists,https://openalex.org/W4282813377
37416,10.2196/27109,A Digital Health Intervention (SweetGoals) for Young Adults With Type 1 Diabetes: Protocol for a Factorial Randomized Trial,https://openalex.org/W3132275254
3750,10.3886/icpsr03750,"Juvenile Defendants in Criminal Courts (JDCC): Survey of 40 Counties in the United States, 1998",https://openalex.org/W2909790280
3757,10.3886/icpsr03757.v3,"CBS News Call-Back Poll #1, March 2003",https://openalex.org/W4232933774
3760,10.3886/icpsr03760,"Uniform Crime Reporting Program Data [United States]: Arrests by Age, Sex, and Race, 2001",https://openalex.org/W4206046269
3764,10.3886/icpsr03764.v2,"Community Tracking Study Household Survey, 2000-2001: [United States]",https://openalex.org/W4240448745
37645,10.1371/journal.pone.0281641,"Violent victimization at the intersections of sexual orientation, gender identity, and race: National Crime Victimization Survey, 2017–2019",https://openalex.org/W4319656703
37786,10.1371/journal.pone.0250908,How did beliefs and perceptions about e-cigarettes change after national news coverage of the EVALI outbreak?,https://openalex.org/W3157246172
37841,10.3389/fnbeh.2022.859239,Areas of Convergence and Divergence in Adolescent Social Isolation and Binge Drinking: A Review,https://openalex.org/W4220869355
37871,10.1186/s12889-022-12989-1,Unconditional cash transfers and maternal substance use: findings from a randomized control trial of low-income mothers with infants in the U.S.,
3788,10.3886/icpsr03788,"CBS News/New York Times Call-Back Poll #2, March 2003",https://openalex.org/W4206531298
37916,10.21203/rs.3.rs-3006168/v1,A New Racial Disparity in Traffic Fatalities,https://openalex.org/W4380433348
3796,10.3886/icpsr03796,"Effects of Arrests and Incarceration on Informal Social Control in Baltimore, Maryland, Neighborhoods, 1980-1994",https://openalex.org/W4253580597
38018,10.1007/s12671-023-02231-3,At-Home use of App-Based Mindfulness for Children: A Randomized Active-Controlled Trial,https://openalex.org/W4387435574
38051,10.3389/fpubh.2024.1346057,Translation of a longitudinal survey of veterans’ well-being into action by a research-practice-policy partnership,https://openalex.org/W4405763850
3807,10.3886/icpsr03807,"National Health Interview Survey, 1994: Second Longitudinal Study on Aging, Wave 3, 2000",https://openalex.org/W4249722274
3815,10.3886/icpsr03815,"Arrestee Drug Abuse Monitoring (ADAM) Program in the United States, 2002",https://openalex.org/W4241743595
3817,10.3886/icpsr03817.v1,"National Electronic Injury Surveillance System All Injury Program, 2001",https://openalex.org/W4236972623
38180,10.1038/s44220-022-00009-5,Mindsets and adolescent mental health,https://openalex.org/W4321205028
3820,10.3886/icpsr03820,"Community Tracking Study Physician Survey, 2000-2001: [United States]",https://openalex.org/W4210776723
3829,10.3886/icpsr03829.v2,"National Incident-Based Reporting System, 2001",https://openalex.org/W4298298887
38417,10.7758/rsf.2022.8.8.06,Stress and Mental Health: A Focus on COVID-19 and Racial Trauma Stress,https://openalex.org/W4313642116
38464,10.1038/s43856-023-00327-4,Automatic comprehensive radiological reports for clinical acute stroke MRIs,https://openalex.org/W4383816799
38543,10.1371/journal.pone.0277330,Barriers and facilitators to diabetes screening and prevention after a pregnancy complicated by gestational diabetes,https://openalex.org/W4309307022
38566,10.1007/s10896-024-00684-1,Using National Incident-Based Reporting System Data to Explore Animal Cruelty Incidents that Occur with Intimate Partner and Family Violence: A Brief Report,https://openalex.org/W4391053597
38574,10.1007/s10900-024-01431-9,"Trends and Disparities in Non-fatal Firearm Injuries among Working-Age Adults in the United States, 2000–2021",https://openalex.org/W4405598012
38606,10.1371/journal.pone.0292281,"Comparison of two area-level socioeconomic deprivation indices: Implications for public health research, practice, and policy",https://openalex.org/W4387362388
38645,10.1017/cts.2024.670,Considerations and recommendations for collaborative research networks in epidemiology: Lessons learned from the diabetes LEAD Network,https://openalex.org/W4405453493
3938,10.3886/icpsr03938.v1,"Revised Candidate-Level State Legislative Returns in the United States with Adjusted Candidate Names, 1968-1989",https://openalex.org/W4237411284
3955,10.3886/icpsr03955,"National Education Longitudinal Study: Base Year Through Fourth Follow-Up, 1988-2000",https://openalex.org/W4210687935
3957,10.3886/icpsr03957,"Civil Justice Survey of State Courts, 2001",https://openalex.org/W4251866448
3986,10.3886/icpsr03986.v1,"Correlates and Consequences of Juvenile Exposure to Violence in the United States, 1995",https://openalex.org/W4241353698
4017,10.3886/icpsr04017.v1,"German Politbarometers, 1977-2002",https://openalex.org/W4231613724
4021,10.3886/icpsr04021,"Census of State and Federal Adult Correctional Facilities, 2000",https://openalex.org/W4302822545
4024,10.3886/icpsr04024,"Study of Political Socialization: Parent-Child Pairs Based on Survey of Youth Panel and Their Offspring, 1997",https://openalex.org/W4251946028
4029,10.3886/icpsr04029.v1,"National Science Foundation Surveys of Public Attitudes Toward and Understanding of Science and Technology, 1979-2001: [United States]",https://openalex.org/W4229708230
4031,10.3886/icpsr04031,"Current Population Survey, February 2002: Tobacco Use Supplement (TUS), 2001-2002 Wave",https://openalex.org/W4230473221
4037,10.3886/icpsr04037,"Youth-Parent Socialization Panel Study, 1965-1997: Four Waves Combined",https://openalex.org/W4253838611
4043,10.3886/icpsr04043,"Current Population Survey, June 2001: Tobacco Use Supplement (TUS), 2001-2002 Wave",https://openalex.org/W4255008145
4044,10.3886/icpsr04044,"Current Population Survey, November 2001: Tobacco Use Supplement (TUS), 2001-2002 Wave",https://openalex.org/W4243603235
4066,10.3886/icpsr04066.v2,"National Incident-Based Reporting System, 2002",https://openalex.org/W4301350525
4079,10.3886/icpsr04079,"Spatial Analysis of Rare Crimes: Homicides in Chicago, Illinois, 1989-1991",https://openalex.org/W4231884048
4082,10.3886/icpsr04082.v1,"Law Enforcement Agency Identifiers Crosswalk [United States], 2000",https://openalex.org/W4299798612
4085,10.3886/icpsr04085.v1,"National Electronic Injury Surveillance System All Injury Program, 2002",https://openalex.org/W4239568336
4100,10.3886/icpsr04100,"Chicago Lawyers Survey, 1994-1995",https://openalex.org/W4251668701
4102,10.3886/icpsr04102.v2,"Hispanic Established Populations for Epidemiologic Studies of the Elderly, Wave III, 1998-1999: [Arizona, California, Colorado, New Mexico, and Texas]",https://openalex.org/W4234529093
4136,10.3886/icpsr04136,Global Views 2004: Mexican Public Opinion and Foreign Policy,https://openalex.org/W4243687274
4152,10.3886/icpsr04152,"Assessing the Delivery of Community Policing Services in Ada County, Idaho, 2002",https://openalex.org/W4255080671
4158,10.3886/icpsr04158.v1,"CBS News Callback Poll for CBS News/New York Times June 2004 Monthly Poll, July 2004",https://openalex.org/W4248054673
4165,10.3886/icpsr04165.v1,"National Survey of Alcohol, Drug, and Mental Health Problems [Healthcare for Communities], 2000-2001",https://openalex.org/W4246745983
4176,10.3886/icpsr04176.v4,"National Health Interview Survey, 2002",https://openalex.org/W4299560079
4204,10.3886/icpsr04204,"Census of Population and Housing, 2000 [United States]: 5-Percent Public Use Microdata Sample: Elderly Households Extract",https://openalex.org/W4249613966
4211,10.3886/icpsr04211,"Impact of Alcohol or Drug Use and Incarceration on Child Care in Santa Clara County, California, 2003",https://openalex.org/W4248368918
4216,10.3886/icpsr04216.v2,"Community Tracking Study Household Survey, 2003: [United States]",https://openalex.org/W4235955232
4222,10.3886/icpsr04222,"National Health Interview Survey, 2003",https://openalex.org/W4292927637
4240,10.3886/icpsr04240,"Washington Post Metro District of Columbia Baseball Poll #2, December 2004",https://openalex.org/W4237007180
4248,10.3886/icpsr04248.v3,"Advanced Cognitive Training for Independent and Vital Elderly (ACTIVE), United States, 1999-2001",https://openalex.org/W4250181315
4273,10.3886/icpsr04273.v1,"Police-Public Contact Survey, 2002 [United States]",https://openalex.org/W4206490348
4285,10.3886/icpsr04285,"Uniform Crime Reporting Program Data [United States]: Arrests by Age, Sex, and Race, 2003",https://openalex.org/W4236536991
4291,10.3886/icpsr04291,"Harvard School of Public Health College Alcohol Study, 2001",https://openalex.org/W4231228268
4292,10.3886/icpsr04292.v1,"National Incident-Based Reporting System, 2003",https://openalex.org/W4301028210
4294,10.3886/icpsr04294,ANES 2004 Time Series and Panel Contextual File,https://openalex.org/W4251834445
4314,10.3886/icpsr04314.v2,"Hispanic Established Populations for Epidemiologic Studies of the Elderly, Wave IV, 2000-2001 [Arizona, California, Colorado, New Mexico, and Texas]",https://openalex.org/W4229958287
4349,10.3886/icpsr04349.v2,"National Health Interview Survey, 2004",https://openalex.org/W4292892892
4352,10.3886/icpsr04352.v1,"National Electronic Injury Surveillance System All Injury Program, 2003",https://openalex.org/W4247591078
4354,10.3886/icpsr04354.v1,"Resources for Enhancing Alzheimer's Caregiver Health (REACH II), 2001-2004",https://openalex.org/W4244757352
4415,10.3886/icpsr04415,"Consumer Expenditure Survey, 2004: Diary Survey",https://openalex.org/W4237317295
4416,10.3886/icpsr04416,"Consumer Expenditure Survey, 2004: Interview Survey and Detailed Expenditure Files",https://openalex.org/W4248189832
4443,10.3886/icpsr04443,"Uniform Crime Reporting Program Data [United States]: Arrests by Age, Sex, and Race, 2002",https://openalex.org/W4232501527
4460,10.3886/icpsr04460,"Uniform Crime Reporting Program Data [United States]: Arrests by Age, Sex, and Race, 2004",https://openalex.org/W4250096113
4461,10.3886/icpsr04461.v2,"Uniform Crime Reporting Program Data [United States]: Arrests by Age, Sex, and Race, Summarized Yearly, 2004",https://openalex.org/W4256076404
4468,10.3886/icpsr04468.v1,"National Incident-Based Reporting System, 2004",https://openalex.org/W2915956330
4470,10.3886/icpsr04470.v1,"Survey of Program Dynamics (SPD) Third Longitudinal File: Data Years 1992, 1993, 1994, 1996, 1997, 1998, 1999, 2000, and 2001",https://openalex.org/W4243184559
4472,10.3886/icpsr04472.v1,"Japanese General Social Surveys (JGSS) Cumulative Data, 2000-2003",https://openalex.org/W4206487943
4485,10.3886/icpsr04485.v2,"National Incident-Based Reporting System, 2004: Extract Files",https://openalex.org/W4290539279
4520,10.3886/icpsr04520,"ABC News/Washington Post Hurricane Follow-Up Poll, September 2005",https://openalex.org/W4236581867
4526,10.3886/icpsr04526.v2,"Current Population Survey, February 2003: Tobacco Use Supplement (TUS), 2003 Wave",https://openalex.org/W4249844378
4527,10.3886/icpsr04527,"Current Population Survey, June 2003: Tobacco Use Supplement (TUS), 2003 Wave",https://openalex.org/W4246782725
4528,10.3886/icpsr04528.v2,"Current Population Survey, November 2003: Tobacco Use Supplement (TUS), 2003 Wave",https://openalex.org/W4242929463
4532,10.3886/icpsr04532.v1,"Three Generations Combined, 1965-1997",https://openalex.org/W4238693061
4539,10.3886/icpsr04539.v2,"Supplemental Survey of Civil Appeals, 2001",https://openalex.org/W4234278897
4543,10.3886/icpsr04543.v1,"Longitudinal Study of a Cohort of Batterers Arraigned in a Massachusetts District Court, 1995-2004",https://openalex.org/W4251202588
4551,10.3886/icpsr04551,"Sloan Study of Youth and Social Development, 1992-1997 [United States]",https://openalex.org/W4254921657
4553,10.3886/icpsr04553.v1,"Multi-User Database on the Attributes of United States District Court Judges, 1801-2000",https://openalex.org/W4249717497
4559,10.3886/icpsr04559.v3,"Current Population Survey: Annual Social and Economic (ASEC) Supplement Survey, 2006",https://openalex.org/W4206247126
4562,10.3886/icpsr04562,"Uniform Crime Reporting Program Data [United States]: Arrests by Age, Sex, and Race, 1994",https://openalex.org/W4243602784
4566,10.3886/icpsr04566,"National Incidence Studies of Missing, Abducted, Runaway, and Thrownaway Children (NISMART), 1999",https://openalex.org/W4248772507
4578,10.3886/icpsr04578,"Effects of Incarceration on Criminal Trajectories in the United States, 1994",https://openalex.org/W4251379257
4584,10.3886/icpsr04584.v2,"Community Tracking Study Physician Survey, 2004-2005: [United States]",https://openalex.org/W4231528025
4598,10.3886/icpsr04598.v1,"National Electronic Injury Surveillance System All Injury Program, 2004",https://openalex.org/W4233199341
4600,10.3886/icpsr04600,"National Prosecutors Survey, 2005",https://openalex.org/W4299337591
4606,10.3886/icpsr04606,"National Health Interview Survey, 2005",https://openalex.org/W4292902964
4652,10.3886/icpsr04652,"Midlife in the United States (MIDUS 2), 2004-2006",https://openalex.org/W4255862108
4676,10.3886/icpsr04676,"National Incident-Based Reporting System, 2003: Extract Files",https://openalex.org/W4205674725
4692,10.3886/icpsr04692.v2,"National Incident-Based Reporting System, 2002: Extract Files",https://openalex.org/W4300128888
4693,10.3886/icpsr04693.v2,"National Incident-Based Reporting System, 2001: Extract Files",https://openalex.org/W4298431657
4700,10.3886/icpsr04700.v2,"National Incident-Based Reporting System, 2000: Extract Files",https://openalex.org/W4301170005
4708,10.3886/icpsr04708,"Natality Detail File, 2001 [United States]",https://openalex.org/W4241519855
4715,10.3886/icpsr04715,"Uniform Crime Reporting Program Data [United States]: Arrests by Age, Sex, and Race, 2005",https://openalex.org/W4254350310
4716,10.3886/icpsr04716.v2,"Uniform Crime Reporting Program Data [United States]: Arrests by Age, Sex, and Race, Summarized Yearly, 2005",https://openalex.org/W4238361189
4720,10.3886/icpsr04720,"National Incident-Based Reporting System, 2005",https://openalex.org/W4298091604
5201,10.3886/icpsr05201.v1,"Middle East Event/Interaction Data, 1949-1969",https://openalex.org/W4235377816
6008,10.3886/icpsr06008.v1,"Spouse Abuse Replication Project in Metro-Dade County, Florida, 1987-1989",https://openalex.org/W4253659675
6063,10.3886/icpsr06063,"National Crime Surveys Longitudinal File, 1988-1989: [Selected Variables]",https://openalex.org/W4246688137
6114,10.3886/icpsr06114.v2,"Charlotte [North Carolina] Spouse Assault Replication Project, 1987-1989",https://openalex.org/W4246948781
6124,10.3886/icpsr06124.v2,Survey of Income and Program Participation (SIPP) 1990 Panel: Waves 1-5 Longitudinal Microdata File,https://openalex.org/W4234955222
6172,10.3886/icpsr06172,"Reexamining the Minneapolis Repeat Complaint Address Policing (RECAP) Experiment, 1986-1987",https://openalex.org/W4238779205
6173,10.3886/icpsr06173,"Washington Post Capitol Hill Women in the Workplace Poll, January 1993",https://openalex.org/W4253013508
6174,10.3886/icpsr06174.v1,"Washington Post Capitol Hill Men in the Workplace Poll, January 1993",https://openalex.org/W4235341586
6237,10.3886/icpsr06237.v1,"National Assessment Survey of Law Enforcement Anti-Gang Information Resources, 1990-1991",https://openalex.org/W4243868478
6253,10.3886/icpsr06253,Survey of Income and Program Participation (SIPP) 1990 Full Panel Research File [Waves 1-8 Longitudinal Microdata File],https://openalex.org/W4256571532
6270,10.3886/icpsr06270.v1,"Schools and Staffing Survey, 1987-1988 [United States]: Teacher Follow-up Survey, 1988-1989",https://openalex.org/W4237974879
6273,10.3886/icpsr06273,"National Prosecutors Survey, 1992",https://openalex.org/W4299134561
6317,10.3886/icpsr06317.v1,"Schools and Staffing Survey, 1990-1991 [United States]: Teacher Followup Survey, 1991-1992",https://openalex.org/W4242157066
6326,10.3886/icpsr06326,"WCBS-TV News/New York Times New Jersey Poll #2, October 1993",https://openalex.org/W4250633478
6401,10.3886/icpsr06401.v1,"National Maternal and Infant Health Survey, 1988: Longitudinal Follow-up, 1991",https://openalex.org/W4248148856
6435,10.3886/icpsr06435.v1,"National Nursing Home Survey Follow-up: Mortality Data, 1984-1990",https://openalex.org/W4241411903
6448,10.3886/icpsr06448.v1,"National Education Longitudinal Study, 1988: Second Follow-Up (1992)",https://openalex.org/W4243385177
6457,10.3886/icpsr06457.v1,"New [Social Security] Beneficiary Followup, 1991: [United States]",https://openalex.org/W4256247132
6507,10.3886/icpsr06507,ANES 1994 Time Series Study,https://openalex.org/W4239576821
6540,10.3886/icpsr06540.v1,"White-Collar Criminal Careers, 1976-1978: Federal Judicial Districts",https://openalex.org/W4255540724
6557,10.3886/icpsr06557,"Expanded United States Supreme Court Judicial Database, 1946-1968 Terms",https://openalex.org/W4205577627
6558,10.3886/icpsr06558.v1,"Adjusting the National Crime Victimization Survey's Estimates of Rape and Domestic Violence for Gag Factors, 1986-1990",https://openalex.org/W4249706195
6565,10.3886/icpsr06565.v1,"Extended National Assessment Survey of Law Enforcement Anti-Gang Information Resources, 1993-1994",https://openalex.org/W4234257099
6572,10.3886/icpsr06572,"SETUPS: American Voting Behavior in Presidential Elections, 1972-1992",https://openalex.org/W4246249393
6588,10.3886/icpsr06588.v1,"Universe of Private Schools, 1976-1980: [United States]",https://openalex.org/W4210373817
6661,10.3886/icpsr06661,"Eurobarometer 43.0 and 43.1: Drug Abuse and AIDS, March-May 1995",https://openalex.org/W4232741837
6667,10.3886/icpsr06667,"Small Business Benefits Study, Wave 2 (SBBS 2), 1992-1993: [Selected Metropolitan Counties in the United States]",https://openalex.org/W4236673699
6695,10.3886/icpsr06695.v2,"Polity III: Regime Type and Political Authority, 1800-1994",https://openalex.org/W4245417451
6699,10.3886/icpsr06699.v1,"Middle East Political Events Data, 1979-1995",https://openalex.org/W4245008315
6718,10.3886/icpsr06718,"National Survey of Self-Care and Aging: Baseline, 1990-1991",https://openalex.org/W4242450027
6731,10.3886/icpsr06731,"Panel Study of Political Values in the Former Soviet Union, 1990-1992",https://openalex.org/W4233471595
6752,10.3886/icpsr06752.v1,"Eurobarometer 44.3: Health Care Issues and Public Security, February-April 1996",https://openalex.org/W4239764856
6754,10.3886/icpsr06754,"Uniform Crime Reports [United States]: Supplementary Homicide Reports, 1976-1994",https://openalex.org/W4235424307
6785,10.3886/icpsr06785.v1,"National Prosecutors Survey, 1994",https://openalex.org/W4300883245
6838,10.3886/icpsr06838.v2,"Alameda County [California] Health and Ways of Living Study, 1974 Panel",https://openalex.org/W4232236122
6866,10.3886/icpsr06866.v1,"Knowledge, Attitudes, and Practice of Contraception in Taiwan: Fifth Province-Wide Fertility Survey (KAP V), 1979",https://openalex.org/W4236666530
6896,10.3886/icpsr06896,ANES 1996 Time Series Study,https://openalex.org/W4234040958
6951,10.3886/icpsr06951,"Survey of Income and Program Participation (SIPP) 1992 Panel, Waves 1-7 Longitudinal File",https://openalex.org/W4230655589
6961,10.3886/icpsr06961,"National Education Longitudinal Study: Base Year through Third Follow-up, 1988-1994",https://openalex.org/W4252992370
6987,10.3886/icpsr06987.v1,"United States Supreme Court Judicial Database, Phase II: 1953-1993",https://openalex.org/W4230317765
7010,10.3886/icpsr07607.v3,"American National Election Series: 1972, 1974, 1976",https://openalex.org/W4205279781
7023,10.3886/icpsr07023.v1,"Pattern of Human Concerns Data, 1957-1963",https://openalex.org/W4205518857
7215,10.3886/icpsr07215,ANES 1958 Time Series Study,https://openalex.org/W4245585611
7252,10.3886/icpsr07252,"American Panel Study: 1956, 1958, 1960",https://openalex.org/W4235306293
7254,10.3886/icpsr07254.v1,"Americans' Use of Time, 1965-1966",https://openalex.org/W4250279294
7330,10.3886/icpsr07330,"European Communities Study, 1973",https://openalex.org/W4239181364
7412,10.3886/icpsr07412,"Cross-National Time Series, 1815-1973",https://openalex.org/W4214557081
7417,10.3886/icpsr07417,"Euro-barometer 4: Consumer Attitudes in Europe, October/November 1975",https://openalex.org/W4205828736
7421,10.3886/icpsr07421,"Slave Sales and Appraisals, 1775-1865",https://openalex.org/W4206246814
7422,10.3886/icpsr07422,"Slave Hires, 1775-1865",https://openalex.org/W4238398851
7427,10.3886/icpsr07427.v1,Decision-Related Research on the Organization of Service Delivery Systems in Metropolitan Areas: Police Protection,https://openalex.org/W4232813634
7428,10.3886/icpsr07428,"Biographical Characteristics of Members of the United States Congress, 1789-1979",https://openalex.org/W4239488902
7433,10.3886/icpsr07433,"Decision Making on Early Retirement, 1965-1969",https://openalex.org/W4206103056
7453,10.3886/icpsr07453,"Omnibus Study, Spring 1973",https://openalex.org/W4242635637
7485,10.3886/icpsr07485,"Civil Strife Conflict Magnitudes, 1955-1970",https://openalex.org/W4238723266
7487,10.3886/icpsr07487,Decision-Related Research on the Organization of Service Delivery Systems in Metropolitan Areas: Solid Waste Management,https://openalex.org/W4206258488
7500,10.3886/icpsr07500.v1,"Population Estimates of Counties in the United States, 1971-1974",https://openalex.org/W4247047615
7509,10.3886/icpsr07509,"Socioeconomic indicators for Functional Urban Regions in the United States, 1820-1970",https://openalex.org/W4256011488
7511,10.3886/icpsr07511,"Euro-barometer 6: Twenty Years of the Common Market, October/November 1976",https://openalex.org/W4238877651
7531,10.3886/icpsr07531,"Civil Strife Events, 1955-1970",https://openalex.org/W4243079224
7537,10.3886/icpsr07537,"Roll Calls of the Continental Congresses and the Congresses of the Confederation, 1777-1789",https://openalex.org/W4232379515
7580,10.3886/icpsr07580,"Time Use in Economic and Social Accounts, 1975-1976",https://openalex.org/W4252538606
7581,10.3886/icpsr07581,American Voting Behavior: Presidential Elections from 1952-1980,https://openalex.org/W4256045864
7584,10.3886/icpsr07584.v1,"ICPSR Instructional Subset: FEA Survey 1--Surveys of Public Attitudes and Response to Federal Energy Policy, 1974-1976",https://openalex.org/W4214612364
7585,10.3886/icpsr07585.v1,"ICPSR Instructional Subset: FEA Survey 18--Surveys of Public Attitudes and Response to Federal Energy Policy, 1974-1976",https://openalex.org/W4244486578
7604,10.3886/icpsr07604,"Euro-Barometer 8: Men, Women and Work Roles in Europe, November 1977",https://openalex.org/W4238092372
7607,10.3886/icpsr07607,"American National Election Series: 1972, 1974, 1976",https://openalex.org/W4243426145
7653,10.3886/icpsr07653.v1,Historians and the Meiji Statesmen,https://openalex.org/W2131391036
7663,10.3886/icpsr07663.v2,"National Crime Surveys: Cities Attitude Sub-Sample, 1972-1975",https://openalex.org/W4299820821
7696,10.3886/icpsr07696,"Quality of Employment Survey, 1973-1977: Panel",https://openalex.org/W4230081359
7716,10.3886/icpsr07716,"Deterrent Effects of Punishment on Crime Rates, 1959-1960",https://openalex.org/W4253087426
7728,10.3886/icpsr07728.v1,"Euro-barometer 10: National Priorities and the Institutions of Europe, October-November 1978",https://openalex.org/W4232315327
7735,10.3886/icpsr07735,"County and City Data Book [United States] Consolidated File: City Data, 1944-1977",https://openalex.org/W4248010352
7736,10.3886/icpsr07736,"County and City Data Book [United States] Consolidated File: County Data, 1947-1977",https://openalex.org/W4245732962
7743,10.3886/icpsr07743,"Uniform Crime Reports, 1966-1976: Data Aggregated by Standard Metropolitan Statistical Areas",https://openalex.org/W4253906988
7757,10.3886/icpsr07757.v5,"Candidate and Constituency Statistics of Elections in the United States, 1788-1990",https://openalex.org/W4245485765
7778,10.3886/icpsr07778,"Euro-barometer 12: European Parliamentary Elections, October/November 1979",https://openalex.org/W4240400227
7786,10.3886/icpsr07786.v1,"American Public Opinion and U.S. Foreign Policy: National Leaders, 1979",https://openalex.org/W4253705872
7803,10.7910/dvn/gpabog,"Database of Congressional Historical Statistics, 1789-1989 [United States]",https://openalex.org/W4398582607
7941,10.3886/icpsr09590.v2,"Effects of Local Sanctions on Serious Criminal Offending in Cities with Populations Over 100,000, 1978-1983: [United States]",https://openalex.org/W4254837033
7951,10.3886/icpsr02520,"Impacts of Specific Incivilities on Responses to Crime and Local Commitment, 1979-1994: [Atlanta, Baltimore, Chicago, Minneapolis-St. Paul, and Seattle]",https://openalex.org/W4241320461
7965,10.3886/icpsr07965,"Mexican Origin People in the United States: Austin (Texas) Pilot Survey, 1978-1979",https://openalex.org/W4251074311
8159,10.3886/icpsr08159.v2,"Basic Geographic and Historic Data for Interfacing ICPSR Data Sets, 1620-1983 [United States]",https://openalex.org/W4214731364
8199,10.3886/icpsr08199.v1,"Federal Budget Outlays, 1971-1980 [United States]",https://openalex.org/W4247453782
8214,10.3886/icpsr08214,"Uniform Crime Reports: National Time-Series Community-Level Database, 1967-1980",https://openalex.org/W4253111809
8224,10.3886/icpsr08224,"Mortality Detail File: External Cause Extract, 1968-1978, 1979-1980",https://openalex.org/W4210640724
8228,10.3886/icpsr08228,"Criminal Victimization of District of Columbia Residents and Capitol Hill Employees, 1982-1983",https://openalex.org/W4239201433
8236,10.1017/s0022050700000334,Education and Income in the Early Twentieth Century: Evidence from the Prairies,https://openalex.org/W3123137674
8353,10.3886/icpsr08353.v2,"United States Microdata Samples Extract File, 1940-1980: Demographics of Aging",https://openalex.org/W4255589160
8719,10.3886/icpsr08719,"National Health Interview Survey: Longitudinal Study of Aging, 70 Years and Over, 1984-1990",https://openalex.org/W4235152922
9211,10.3886/icpsr09211,"Physical Violence in American Families, 1985",https://openalex.org/W4297986333
9228,10.3886/icpsr09228,"National Health Interview Survey, 1977: Hearing Supplement",https://openalex.org/W4251089108
9288,10.3886/icpsr09288,"Three-Generation National Survey of Black American Families, 1979-1981",https://openalex.org/W4245747227
9289,10.3886/icpsr09289,"National Survey of Hispanic Elderly People, 1988",https://openalex.org/W4244384847
9293,10.3886/icpsr09293,"Delinquency in a Birth Cohort II: Philadelphia, 1958-1988",https://openalex.org/W4240872618
9481,10.3886/icpsr09481,"Domestic Violence Experience in Omaha, Nebraska, 1986-1987",https://openalex.org/W4242445118
9581,10.3886/icpsr09581.v1,"Political Action II, 1979-1981",https://openalex.org/W4205904516
9590,10.3886/icpsr09590,"Effects of Local Sanctions on Serious Criminal Offending in Cities with Populations Over 100,000, 1978-1983: [United States]",https://openalex.org/W4231839254
9698,10.3886/icpsr09698.v1,"Eurobarometer 35.1: Public Transportation and Biotechnology, March-April 1991",https://openalex.org/W4242937793
9704,10.3886/icpsr09704,"National Health Interview Survey, 1976: Family Medical Expenses Supplement",https://openalex.org/W4235415609
9705,10.3886/icpsr09705.v2,"National Health Interview Survey, 1976: Diabetes Supplement",https://openalex.org/W4235405311
9761,10.3886/icpsr09761,"National Health Interview Survey, 1975: Family Medical Expenses Supplement",https://openalex.org/W4254621195
9805,10.3886/icpsr09805,Second Malaysian Family Life Survey: 1988 Interviews,https://openalex.org/W4205094864
9813,10.3886/icpsr09813.v1,"National Nursing Home Survey Follow-Up: Wave I, 1987",https://openalex.org/W4246316732
9822,10.3886/icpsr09822,"United States Congressional Roll Call Voting Records, 1789-1990: Reformatted Data",https://openalex.org/W4213332567
9836,10.3886/icpsr09836.v2,"Chinese Household Income Project, 1988",https://openalex.org/W4238752590
9838,10.3886/icpsr09838.v1,"National Nursing Home Survey Follow-Up: Wave II, 1988",https://openalex.org/W4206327706
9859,10.3886/icpsr09859,"National Education Longitudinal Study, 1988: First Follow-up (1990)",https://openalex.org/W4236222230
9900,10.3886/icpsr09900.v1,"Tecumseh Mortality Follow-up Study, 1978",https://openalex.org/W4239728669
9956,10.3886/icpsr09956,"Euro-barometer 37.0 and 37.1: European Drug Prevention Program, March-May 1992",https://openalex.org/W4242377672
9966,10.3886/icpsr09966.v1,"Milwaukee Domestic Violence Experiment, 1987-1989",https://openalex.org/W4251502441
9982,10.3886/icpsr09982.v1,"Evaluating Alternative Police Responses to Spouse Assault in Colorado Springs: an Enhanced Replication of the Minneapolis Experiment, 1987-1989",https://openalex.org/W4247523365
9988,10.3886/icpsr09988,"Techniques for Assessing the Accuracy of Recidivism Prediction Scales, 1960-1980: [Miami, Albuquerque, New York City, Alameda and Los Angeles Counties, and the State of California]",https://openalex.org/W4205235430
